Fecha,Rótulo,Localidad,IDProvincia,Precio Gasolina 95 E5,Precio Gasoleo A,Municipio
2026-04-14,DISA AGAETE,AGAETE,35.0,1.469,1.609,
2026-04-14,SHELL AGAETE,AGAETE,35.0,1.489,1.639,
2026-04-14,"REPSOL OPER CANARIOS  S,L.",AGUIMES,35.0,1.429,1.587,
2026-04-14,DISA AUTOPISTA KM 21,AGUIMES,35.0,1.555,1.729,
2026-04-14,DISA AGUIMES,AGUIMES,35.0,1.475,1.649,
2026-04-14,BP KM 13 CRUCE ARINAGA,CRUCE DE ARINAGA,35.0,1.439,1.597,
2026-04-14,PLENERGY,CRUCE DE ARINAGA,35.0,1.379,1.489,
2026-04-14,REPSOL,POLIGONO RESIDENCIAL DE ARINAGA,35.0,1.469,1.639,
2026-04-14,OCÉANO,AGUIMES,35.0,1.439,1.539,
2026-04-14,DISA BALOS,AGUIMES,35.0,1.465,1.639,
2026-04-14,CANARY OIL,AGUIMES,35.0,1.379,1.489,
2026-04-14,CEPSA,AGUIMES,35.0,1.429,1.624,
2026-04-14,MOEVE,AGUIMES,35.0,1.429,1.624,
2026-04-14,PETROPRIX,AGUIMES,35.0,1.379,1.489,
2026-04-14,SHELL ARINAGA,AGUIMES,35.0,1.555,1.729,
2026-04-14,DISA AUT.ARINAGA,AGUIMES,35.0,1.525,1.699,
2026-04-14,REPSOL LA ALDEA,SAN NICOLAS DE TOLENTINO,35.0,1.475,1.659,
2026-04-14,DISA LA ALDEA,SAN NICOLAS DE TOLENTINO,35.0,1.505,1.689,
2026-04-14,DISA EL MATORRAL,CASTILLO (EL),35.0,1.445,1.569,
2026-04-14,CEPSA ANTIGUA,ANTIGUA,35.0,1.439,1.584,
2026-04-14,BP CALETA DE FUSTE,CALETA DE FUSTE,35.0,1.449,1.589,
2026-04-14,DISA ARRECIFE,ARRECIFE,35.0,1.505,1.665,
2026-04-14,DISA AEROPUERTO,ARRECIFE,35.0,1.485,1.655,
2026-04-14,BP,ARRECIFE,35.0,1.469,1.629,
2026-04-14,DISA,ARRECIFE,35.0,1.471,1.657,
2026-04-14,DISA VALTERRA,ARRECIFE,35.0,1.505,1.665,
2026-04-14,SHELL ARRECIFE II,ARRECIFE,35.0,1.409,1.549,
2026-04-14,SHELL ARRECIFE I,ARRECIFE,35.0,1.409,1.549,
2026-04-14,DISA NUEVA AEROPUERTO,ARRECIFE,35.0,1.485,1.655,
2026-04-14,SHELL FLICK LANZAROTE,ARRECIFE,35.0,1.505,1.665,
2026-04-14,DISA LOS MARMOLES,ARRECIFE,35.0,1.485,1.645,
2026-04-14,DISA CIRCUNVALACION II,ARRECIFE,35.0,1.485,1.645,
2026-04-14,DISA CIRCUNVALACION I,ARRECIFE,35.0,1.485,1.645,
2026-04-14,ES ARTENARA,ARTENARA,35.0,1.479,1.649,
2026-04-14,E.S. SHELL AUTOVÍA  ARUCAS,ARUCAS,35.0,1.449,1.639,
2026-04-14,SHELL NUEVA ARUCAS,ARUCAS,35.0,1.475,1.649,
2026-04-14,DISA ARUCAS,ARUCAS,35.0,1.475,1.649,
2026-04-14,BP LAS VEGAS,ARUCAS,35.0,1.475,1.649,
2026-04-14,MOEVE  LOS PORTALES,ARUCAS,35.0,1.469,1.649,
2026-04-14,BP SANTIDAD,SANTIDAD,35.0,1.475,1.649,
2026-04-14,"CEPSA OPER CANARIOS  S,L.",ARUCAS,35.0,1.449,1.654,
2026-04-14,DISA BAÑADEROS,ARUCAS,35.0,1.495,1.649,
2026-04-14,"CANARY OIL, S.L.",GALDAR,35.0,1.386,1.489,
2026-04-14,SHELL GALDAR,GALDAR,35.0,1.485,1.639,
2026-04-14,TGAS SARDINA DEL NORTE,PUERTO DE SARDINA,35.0,1.465,1.619,
2026-04-14,REPSOL ,MARMOLEJOS,35.0,1.475,1.629,
2026-04-14,TGAS HARÍA,HARIA,35.0,1.459,1.629,
2026-04-14,PCAN ARRIETA,ARRIETA,35.0,1.399,1.549,
2026-04-14,MOEVE INGENIO,INGENIO,35.0,1.399,1.589,
2026-04-14,BP EL CARRIZAL,INGENIO,35.0,1.465,1.649,
2026-04-14,SHELL INGENIO,INGENIO,35.0,1.485,1.659,
2026-04-14,DISA NUEVO INGENIO,INGENIO,35.0,1.485,1.659,
2026-04-14,OCÉANO EL CARRIZAL,CARRIZAL,35.0,1.439,1.539,
2026-04-14,"SANTANA DOMINGUEZ, S.L.",CARRIZAL,35.0,1.32,1.485,
2026-04-14,DISA CARRIZAL,CARRIZAL,35.0,1.465,1.639,
2026-04-14,DISA MOGAN,MOGAN,35.0,1.515,1.659,
2026-04-14,"PUERTO RICO, S.A",ALMACIGOS (LOS),35.0,1.459,1.579,
2026-04-14,PCAN,ARGUINEGUIN,35.0,1.439,1.609,
2026-04-14,BP ARGUINEGUIN,ARGUINEGUIN,35.0,1.465,1.649,
2026-04-14,SHELL PUERTO RICO,PUERTO RICO,35.0,1.495,1.659,
2026-04-14,"CANARY GREEN CORNER, SL",BARRANCO DEL LAUREL,35.0,1.396,1.539,
2026-04-14,BP KM 13 - 1 (SAN ANDRES),MOYA,35.0,1.457,1.597,
2026-04-14,H2EXAGON NORTE,MOYA,35.0,1.359,1.489,
2026-04-14,BP MOYA,MOYA,35.0,1.465,1.649,
2026-04-14,DISA LA OLIVA,OLIVA (LA),35.0,1.505,1.615,
2026-04-14,H2GO CORRALEJO,CORRALEJO,35.0,1.449,1.575,
2026-04-14,DISA CORRALEJO,CORRALEJO,35.0,1.505,1.615,
2026-04-14,DISA COSTA CALMA,COSTA CALMA,35.0,1.495,1.619,
2026-04-14,H2GO MORRO JABLE,MORRO JABLE,35.0,1.449,1.575,
2026-04-14,SHELL JANDIA,MORRO JABLE,35.0,1.485,1.619,
2026-04-14,SHELL VEGUETA,PALMAS DE GRAN CANARIA (LAS),35.0,1.495,1.659,
2026-04-14,E.S. DISA VEGUETA,PALMAS DE GRAN CANARIA (LAS),35.0,1.449,1.639,
2026-04-14,BP SAN LORENZO,PALMAS DE GRAN CANARIA (LAS),35.0,1.465,1.649,
2026-04-14,BP SAN JOSE,PALMAS DE GRAN CANARIA (LAS),35.0,1.465,1.649,
2026-04-14,DISA SAN JOSE,PALMAS DE GRAN CANARIA (LAS),35.0,1.495,1.659,
2026-04-14,SHELL MERCALASPALMAS,PALMAS DE GRAN CANARIA (LAS),35.0,1.475,1.649,
2026-04-14,DISA PUERTO DE LA LUZ,PALMAS DE GRAN CANARIA (LAS),35.0,1.485,1.659,
2026-04-14,BP PUERTO DE LA LUZ,PALMAS DE GRAN CANARIA (LAS),35.0,1.466,1.658,
2026-04-14,DISA EL SEBADAL,PALMAS DE GRAN CANARIA (LAS),35.0,1.515,1.689,
2026-04-14,BP CIDELMAR,PALMAS DE GRAN CANARIA (LAS),35.0,1.465,1.649,
2026-04-14,MOEVE PLAZA DEL PINO,PALMAS DE GRAN CANARIA (LAS),35.0,1.449,1.629,
2026-04-14,SHELL TOMAS MORALES,PALMAS DE GRAN CANARIA (LAS),35.0,1.475,1.649,
2026-04-14,BP COOPERATIVA TAXIS S. CRISTOBAL,PALMAS DE GRAN CANARIA (LAS),35.0,1.449,1.649,
2026-04-14,DISA TAFIRA,PALMAS DE GRAN CANARIA (LAS),35.0,1.465,1.639,
2026-04-14,MOEVE HOYA PARRADO,PALMAS DE GRAN CANARIA (LAS),35.0,1.439,1.579,
2026-04-14,SHELL REHOYAS,PALMAS DE GRAN CANARIA (LAS),35.0,1.475,1.649,
2026-04-14,DISA TARAHALES I,PALMAS DE GRAN CANARIA (LAS),35.0,1.465,1.639,
2026-04-14,BP LA PATERNA,PALMAS DE GRAN CANARIA (LAS),35.0,1.478,1.664,
2026-04-14,E.S. DISA MILLER BAJO,PALMAS DE GRAN CANARIA (LAS),35.0,1.449,1.639,
2026-04-14,DISA JUAN XXIII,PALMAS DE GRAN CANARIA (LAS),35.0,1.475,1.649,
2026-04-14,BP CIUDAD JARDIN (CAN),PALMAS DE GRAN CANARIA (LAS),35.0,1.465,1.649,
2026-04-14,H2EXAGON LAS TORRES,PALMAS DE GRAN CANARIA (LAS),35.0,1.32,1.489,
2026-04-14,DISA CHIL,PALMAS DE GRAN CANARIA (LAS),35.0,1.485,1.659,
2026-04-14,BP TAMARACEITE II,TAMARACEITE,35.0,1.465,1.649,
2026-04-14,BP LOMO LOS FRAILES,TAMARACEITE,35.0,1.465,1.649,
2026-04-14,DISA ALCARAVANERAS,PALMAS DE GRAN CANARIA (LAS),35.0,1.485,1.649,
2026-04-14,BP GUANARTEME,PALMAS DE GRAN CANARIA (LAS),35.0,1.465,1.649,
2026-04-14,E.S. SHELL SCHAMANN,PALMAS DE GRAN CANARIA (LAS),35.0,1.449,1.639,
2026-04-14,DISA EL DRAGON,PALMAS DE GRAN CANARIA (LAS),35.0,1.475,1.649,
2026-04-14,H2EXAGON ESCALERITAS,PALMAS DE GRAN CANARIA (LAS),35.0,1.379,1.489,
2026-04-14,BP BARRANQUILLO TAXISTAS SAN CRISTOBAL,PALMAS DE GRAN CANARIA (LAS),35.0,1.449,1.649,
2026-04-14,BP ALTAVISTA,PALMAS DE GRAN CANARIA (LAS),35.0,1.465,1.649,
2026-04-14,DISA ESCALERITAS,PALMAS DE GRAN CANARIA (LAS),35.0,1.475,1.649,
2026-04-14,DISA ALMATRICHE,ALMATRICHE,35.0,1.479,1.707,
2026-04-14,DISA TAMARACEITE,ALMATRICHE,35.0,1.475,1.659,
2026-04-14,CEPSA LA MARINA,PALMAS DE GRAN CANARIA (LAS),35.0,1.459,1.549,
2026-04-14,CEPSA PUERTO ROSARIO,PUERTO DEL ROSARIO,35.0,1.439,1.584,
2026-04-14,DISA  EL CHARCO,PUERTO DEL ROSARIO,35.0,1.445,1.599,
2026-04-14,BP LA HONDURA,PUERTO DEL ROSARIO,35.0,1.407,1.537,
2026-04-14,DISA RIO CABRAS,PUERTO DEL ROSARIO,35.0,1.445,1.599,
2026-04-14,DISA SECUNDINO ALONSO,PUERTO DEL ROSARIO,35.0,1.455,1.609,
2026-04-14,PCAN GIL,PUERTO DEL ROSARIO,35.0,1.419,1.524,
2026-04-14,H2GO MUELLE CHICO,PUERTO DEL ROSARIO,35.0,1.449,1.575,
2026-04-14,MERCASOSA,PUERTO DEL ROSARIO,35.0,1.42,1.525,
2026-04-14,DISA MASPALOMAS,SAN FERNANDO,35.0,1.465,1.639,
2026-04-14,MOEVE MASPALOMAS,MASPALOMAS,35.0,1.449,1.644,
2026-04-14,DISA FATAGA,SAN BARTOLOME TIRAJANA,35.0,1.455,1.629,
2026-04-14,CEPSA JUAN GRANDE,SAN BARTOLOME TIRAJANA,35.0,1.449,1.639,
2026-04-14,SHELL JUAN GRANDE,SAN BARTOLOME TIRAJANA,35.0,1.475,1.659,
2026-04-14,CEPSA TAXISTAS S.AGUSTIN,SAN BARTOLOME TIRAJANA,35.0,1.449,1.644,
2026-04-14,DISA ,SAN BARTOLOME TIRAJANA,35.0,1.504,1.65,
2026-04-14,BP EL VERIL,SAN BARTOLOME TIRAJANA,35.0,1.465,1.649,
2026-04-14,SHELL MASPALOMAS,SAN BARTOLOME TIRAJANA,35.0,1.475,1.649,
2026-04-14,BP SANTA BRIGIDA,SANTA BRIGIDA,35.0,1.459,1.659,
2026-04-14,SHELL VECINDARIO,SANTA LUCIA,35.0,1.505,1.679,
2026-04-14,BP EL TARO,SANTA LUCIA,35.0,1.448,1.648,
2026-04-14,OCÉANO SARDINA SUR,SANTA LUCIA,35.0,1.379,1.559,
2026-04-14,MOEVE POZO IZQUIERDO,SANTA LUCIA,35.0,1.399,1.589,
2026-04-14,SHELL SANTA LUCIA,SANTA LUCIA,35.0,1.505,1.679,
2026-04-14,BP DOCTORAL,DOCTORAL (EL),35.0,1.459,1.629,
2026-04-14,ESTACION DE SERVICIO P44,CASA PASTORES,35.0,1.429,1.624,
2026-04-14,BP GUIA,SANTA MARIA DE GUIA,35.0,1.465,1.649,
2026-04-14,DISA GUIA,SANTA MARIA DE GUIA,35.0,1.485,1.639,
2026-04-14,DISA COSTA TEGUISE,COSTA TEGUISE,35.0,1.485,1.639,
2026-04-14,DISA TEGUISE GOLF,TEGUISE,35.0,1.485,1.639,
2026-04-14,CEPSA TAHICHE II,TEGUISE,35.0,1.465,1.635,
2026-04-14,CEPSA TAHICHE I,TEGUISE,35.0,1.465,1.635,
2026-04-14,DISA TEJEDA,TEJEDA,35.0,1.479,1.649,
2026-04-14,DISA CRUCE DE MELENARA,TELDE,35.0,1.475,1.649,
2026-04-14,CEPSA EL CUBILLO,TELDE,35.0,1.439,1.629,
2026-04-14,DISA EL ROQUE,TELDE,35.0,1.485,1.659,
2026-04-14,SHELL TELDE,TELDE,35.0,1.485,1.659,
2026-04-14,DISA TAXITEL,TELDE,35.0,1.475,1.649,
2026-04-14,DISA PUNTO FIELATO,TELDE,35.0,1.485,1.659,
2026-04-14,H2EXAGON JINAMAR,TELDE,35.0,1.387,1.489,
2026-04-14,DISA JINAMAR,JINAMAR,35.0,1.475,1.649,
2026-04-14,BP CRUZ DE LA GALLINA LOMO LA FRANCIA,JINAMAR,35.0,1.459,1.649,
2026-04-14,BP JINAMAR,JINAMAR,35.0,1.465,1.649,
2026-04-14,BP LAS TERRAZAS,JINAMAR,35.0,1.465,1.649,
2026-04-14,DISA LA PARDILLA,PARDILLA (LA),35.0,1.455,1.639,
2026-04-14,DISA BOCABARRANCO,SAN ANTONIO,35.0,1.455,1.639,
2026-04-14,BP LA GARITA,GARITA (LA),35.0,1.429,1.609,
2026-04-14,DISA CUATRO PUERTAS,GORO (EL),35.0,1.475,1.649,
2026-04-14,"CEPSA OPER CANARIOS S,L.",TELDE,35.0,1.439,1.629,
2026-04-14,FAST FUEL GORO,TELDE,35.0,1.378,1.538,
2026-04-14,CEPSA OJOS DE GARZA,TELDE,35.0,1.449,1.639,
2026-04-14,BP CRUCE DE MELENARA,EL CALERO-TELDE,35.0,1.465,1.649,
2026-04-14,BP EL CALERO,EL CALERO-TELDE,35.0,1.465,1.649,
2026-04-14,DISA TEROR,TEROR,35.0,1.505,1.669,
2026-04-14,SPL,TIAS,35.0,1.469,1.639,
2026-04-14,DISA PUERTO DEL CARMEN,PUERTO DEL CARMEN,35.0,1.469,1.599,
2026-04-14,DISA MACHER,MACHER,35.0,1.429,1.589,
2026-04-14,MOEVE TINAJO,TINAJO,35.0,1.449,1.619,
2026-04-14,SANTANA DOMINGUEZ,TUINEJE,35.0,1.32,1.555,
2026-04-14,CEPSA GRAN TARAJAL,GRAN TARAJAL,35.0,1.439,1.584,
2026-04-14,DISA EL CARACOL,TARAJALEJO,35.0,1.475,1.599,
2026-04-14,BP VALLESECO,VALLESECO,35.0,1.475,1.649,
2026-04-14,CEPSA LOS ALMENDROS,VALSEQUILLO,35.0,1.439,1.569,
2026-04-14,SHELL SAN MATEO,VEGA DE SAN MATEO,35.0,1.465,1.639,
2026-04-14,REPSOL SAN MATEO,VEGA DE SAN MATEO,35.0,1.457,1.637,
2026-04-14,ESTACION PLAYA BLANCA,YAIZA,35.0,1.449,1.649,
2026-04-14,COMBUSTIBLES CANARIOS,YAIZA,35.0,1.449,1.619,
2026-04-14,E.S.DISA YAIZA,YAIZA,35.0,1.519,1.759,
2026-04-14,MARINA RUBICON,PLAYA BLANCA,35.0,1.419,1.619,
2026-04-14,BP COOP SAN SEBASTIAN,ADEJE,38.0,1.465,1.649,
2026-04-14,BP LA ATALAYA,ADEJE,38.0,1.464,1.648,
2026-04-14,SHELL,ADEJE,38.0,1.464,1.648,
2026-04-14,TGAS-TU TRÉBOL,ADEJE,38.0,1.356,1.48,
2026-04-14,GMOIL,ADEJE,38.0,1.339,1.499,
2026-04-14,DISA FAÑABE,FAÑABE,38.0,1.475,1.649,
2026-04-14,BP SIAM MALL,PLAYA DE LAS AMERICAS,38.0,1.465,1.649,
2026-04-14,DISA TIJOCO,TIJOCO BAJO,38.0,1.555,1.729,
2026-04-14,H2GO MAXO ARMEÑIME,ADEJE,38.0,1.455,1.629,
2026-04-14,OCÉANO PLAYA SANTIAGO,ALAJERO,38.0,1.669,1.859,
2026-04-14,H2EXAGON ARAFO,ARAFO,38.0,1.357,1.499,
2026-04-14,BP POLIGONO GUIMAR,ARAFO,38.0,1.465,1.649,
2026-04-14,TGAS LA HIDALGA,HIDALGA (LA),38.0,1.439,1.629,
2026-04-14,ESTACIÓN ABADES KM 44,ARICO,38.0,1.411,1.559,
2026-04-14,TGAS LAS GALLETAS,ARONA,38.0,1.379,1.549,
2026-04-14,TGAS ARONA,ARONA,38.0,1.44,1.59,
2026-04-14,MOEVE LLANO AZUL,ARONA,38.0,1.449,1.614,
2026-04-14,BP CABO BLANCO,CABO BLANCO,38.0,1.474,1.648,
2026-04-14,BP LOS CRISTIANOS,CRISTIANOS(LOS),38.0,1.465,1.649,
2026-04-14,BP PLAYA LAS AMERICAS,PLAYA DE LAS AMERICAS (ARONA),38.0,1.465,1.649,
2026-04-14,CEPSA COSTA DEL SILENCIO,COSTA DEL SILENCIO,38.0,1.379,1.564,
2026-04-14,BP GUAZA,ARONA,38.0,1.464,1.648,
2026-04-14,SHELL ARONA,ARONA,38.0,1.465,1.629,
2026-04-14,BP TEN BEL,ARONA,38.0,1.449,1.629,
2026-04-14,DISA CANDELARIA,CANDELARIA,38.0,1.475,1.649,
2026-04-14,TGAS,CALETILLAS (LAS),38.0,1.559,1.699,
2026-04-14,DISA LAS CALETILLAS,CALETILLAS (LAS),38.0,1.575,1.755,
2026-04-14,DISA EL PINAR,PINAR (EL),38.0,1.619,1.749,
2026-04-14,DISA FRONTERA,FRONTERA,38.0,1.619,1.749,
2026-04-14,"DEL VALLE COMBUSTIBLES, S.L.",FRONTERA,38.0,1.551,1.678,
2026-04-14,E.S. LA CALETA,GARACHICO,38.0,1.459,1.649,
2026-04-14,TGAS GARAFÍA,GARAFIA,38.0,1.605,1.82,
2026-04-14,DISA GRANADILLA,GRANADILLA DE ABONA,38.0,1.505,1.675,
2026-04-14,CEPSA LOS LLANOS (MOEVE) - GRANADILLA,GRANADILLA DE ABONA,38.0,1.439,1.594,
2026-04-14,DISA SAN ISIDRO,SAN ISIDRO,38.0,1.485,1.659,
2026-04-14,TGAS EL MÉDANO,MEDANO (EL),38.0,1.459,1.634,
2026-04-14,BP AEROPUERTO REINA SOFIA,AEROPUERTO REINA SOFIA (SANTA CRUZ DE TENERIFE),38.0,1.465,1.649,
2026-04-14,TGAS SANTA CATALINA,GUANCHA (LA),38.0,1.477,1.597,
2026-04-14,DISA           STO DOMINGO,SANTO DOMINGO,38.0,1.409,1.539,
2026-04-14,E.S. CEPSA CHIO,CHIO,38.0,1.479,1.609,
2026-04-14,DISA PLAYA SAN JUAN,PLAYA DE SAN JUAN,38.0,1.495,1.629,
2026-04-14,DISA PUERTITO,GÜIMAR,38.0,1.439,1.629,
2026-04-14,SHELL GUIMAR,GÜIMAR,38.0,1.439,1.629,
2026-04-14,DISA GÜIMAR,GÜIMAR,38.0,1.475,1.649,
2026-04-14,EL ESCOBONAL,ESCOBONAL (EL),38.0,1.439,1.609,
2026-04-14,DISA HERMIGUA,HERMIGUA,38.0,1.669,1.859,
2026-04-14,RED DE COMBUSTIBLES CANARIOS,ICOD DE LOS VINOS,38.0,1.369,1.499,
2026-04-14,DISA ICOD DE LOS VINOS,ICOD DE LOS VINOS,38.0,1.485,1.669,
2026-04-14,SHELL ICOD DE LOS VINOS,ICOD DE LOS VINOS,38.0,1.505,1.689,
2026-04-14,BP LOS LLANOS,LLANOS DE ARIDANE (LOS),38.0,1.615,,
2026-04-14,DISA LA MATANZA,MATANZA DE ACENTEJO (LA),38.0,1.515,1.659,
2026-04-14,DISA EL BOHIO,MATANZA DE ACENTEJO (LA),38.0,1.498,1.686,
2026-04-14,SHELL ACENTEJO,GUIA,38.0,1.515,1.659,
2026-04-14,BP EL RAMAL,OROTAVA (LA),38.0,1.465,1.649,
2026-04-14,CEPSA LA CAÑADA,OROTAVA (LA),38.0,1.419,1.599,
2026-04-14,REPSOL BARROSO,OROTAVA (LA),38.0,1.499,1.599,
2026-04-14,BP EL TROMPO,SAN JERONIMO,38.0,1.465,1.649,
2026-04-14,SHELL LA PERDOMA,OROTAVA (LA),38.0,1.475,1.659,
2026-04-14,BP PUERTO DE LA CRUZ,PUERTO DE LA CRUZ,38.0,1.465,1.649,
2026-04-14,CEPSA PUERTO DE LA CRUZ,PUERTO DE LA CRUZ,38.0,1.429,1.619,
2026-04-14,SHELL EL AGUILA,PUERTO DE LA CRUZ,38.0,1.485,1.645,
2026-04-14,SHELL PUNTALLANA,PUNTALLANA,38.0,1.599,1.689,
2026-04-14,SHELL LAS DEHESAS,REALEJOS (LOS),38.0,1.495,1.645,
2026-04-14,DISA LOS BARROS,REALEJOS (LOS),38.0,1.485,1.639,
2026-04-14,EESS OCÉANO  LA AZADILLA,REALEJOS (LOS),38.0,1.425,1.575,
2026-04-14,SHELL LOS REALEJOS,REALEJOS (LOS),38.0,1.485,1.645,
2026-04-14,TGAS LA GORVORANA,REALEJOS (LOS),38.0,1.469,1.659,
2026-04-14,OCÉANO LOS REALEJOS,REALEJOS (LOS),38.0,1.425,1.575,
2026-04-14,ESTACION DE SERVICIOS EL MIRADOR,REALEJOS (LOS),38.0,1.419,1.629,
2026-04-14,TGAS EL ROSARIO,SAN ISIDRO,38.0,1.429,1.599,
2026-04-14,SHELL LA LAGUNA,SAN CRISTOBAL,38.0,1.445,1.619,
2026-04-14,ES TAXLAGUNA ,SAN CRISTOBAL,38.0,1.42,1.529,
2026-04-14,BP E.S. LAS CANTERAS S.L.,SAN CRISTOBAL,38.0,1.458,1.638,
2026-04-14,DISA VISTABELLA,"CUESTA, LA",38.0,1.455,1.635,
2026-04-14,DISA OFRA,"CUESTA, LA",38.0,1.455,1.635,
2026-04-14,OCÉANO TACO,TACO,38.0,1.299,1.499,
2026-04-14,TGAS LOS BALDÍOS,"BALDIOS, LOS",38.0,1.469,1.659,
2026-04-14,BP TEJINA,TEJINA,38.0,1.465,1.649,
2026-04-14,DISA TEJINA,TEJINA,38.0,1.545,1.665,
2026-04-14,DISA BAJAMAR,BAJAMAR,38.0,1.545,1.665,
2026-04-14,CEPSA LOS ANDENES,LA LAGUNA,38.0,1.439,1.619,
2026-04-14,BP TACO NORTE,LA LAGUNA,38.0,1.465,1.649,
2026-04-14,DISA LAS CHUMBERAS,LA LAGUNA,38.0,1.435,1.615,
2026-04-14,DISA LOS MAJUELOS,LA LAGUNA,38.0,1.435,1.625,
2026-04-14,BP SAN BENITO,LA LAGUNA,38.0,1.465,1.649,
2026-04-14,DISA PADRE ANCHIETA,LA LAGUNA,38.0,1.445,1.619,
2026-04-14,TGAS LAS MERCEDES,LA LAGUNA,38.0,1.499,1.683,
2026-04-14,DISA SAN MIGUEL,SAN MIGUEL,38.0,1.495,1.669,
2026-04-14,DISA LAS CHAFIRAS,CHAFIRAS (LAS),38.0,1.465,1.639,
2026-04-14,ESTACIÓN DE SERVICIO EL GOMERO,CHAFIRAS (LAS),38.0,1.419,1.599,
2026-04-14,DISA MUELLE GOMERA,SAN SEBASTIAN DE LA GOMERA,38.0,1.669,1.859,
2026-04-14,SAN SEBASTIAN,SAN SEBASTIAN DE LA GOMERA,38.0,1.669,1.859,
2026-04-14,BP BAJAMAR,SANTA CRUZ DE LA PALMA,38.0,1.565,,
2026-04-14,DISA BALNEARIO II,SANTA CRUZ DE TENERIFE,38.0,1.505,1.679,
2026-04-14,BP CRUZ DEL SEÑOR,SANTA CRUZ DE TENERIFE,38.0,1.465,1.649,
2026-04-14,DISA ARACAYU,SANTA CRUZ DE TENERIFE,38.0,1.475,1.649,
2026-04-14,DISA FOMENTO,SANTA CRUZ DE TENERIFE,38.0,1.545,1.729,
2026-04-14,DISA TRES DE MAYO,SANTA CRUZ DE TENERIFE,38.0,1.475,1.659,
2026-04-14, BP AVENIDA 3 DE MAYO,SANTA CRUZ DE TENERIFE,38.0,1.465,1.649,
2026-04-14,DISA VIA PENETRACION,SANTA CRUZ DE TENERIFE,38.0,1.475,1.659,
2026-04-14,DISA TIO PINO,SANTA CRUZ DE TENERIFE,38.0,1.475,1.649,
2026-04-14,SHELL EL RAMONAL,SANTA CRUZ DE TENERIFE,38.0,1.475,1.649,
2026-04-14,E.S.SHELL OFRA,SANTA CRUZ DE TENERIFE,38.0,1.465,1.635,
2026-04-14,DISA EL MAYORAZGO,SANTA CRUZ DE TENERIFE,38.0,1.455,1.639,
2026-04-14,DISA LAS DELICIAS,SANTA CRUZ DE TENERIFE,38.0,1.485,1.665,
2026-04-14,DISA CUEVAS BLANCAS,SANTA CRUZ DE TENERIFE,38.0,1.495,1.649,
2026-04-14,DISA EL SOBRADILLO,SANTA CRUZ DE TENERIFE,38.0,1.465,1.649,
2026-04-14,DISA TACO,SANTA CRUZ DE TENERIFE,38.0,1.475,1.649,
2026-04-14,DISA BARRANCO GRANDE,SANTA CRUZ DE TENERIFE,38.0,1.475,1.649,
2026-04-14, BP TACO,SANTA CRUZ DE TENERIFE,38.0,1.465,1.649,
2026-04-14,DISA NAUTICO,SANTA CRUZ DE TENERIFE,38.0,1.515,1.699,
2026-04-14,DISA BALNEARIO I,SANTA CRUZ DE TENERIFE,38.0,1.505,1.679,
2026-04-14,DISA EL CHORRILLO,EL ROSARIO,38.0,1.465,1.649,
2026-04-14,SHELL SANTA URSULA,SANTA URSULA,38.0,1.475,1.689,
2026-04-14,DISA BAJADA A LOS GIGANTES,SANTIAGO DEL TEIDE,38.0,1.525,1.659,
2026-04-14,DISA EL SAUZAL,EL SAUZAL,38.0,1.505,1.665,
2026-04-14,BP EL SAUZAL,EL SAUZAL,38.0,1.465,1.649,
2026-04-14,DISA RAVELO,RAVELO,38.0,1.495,1.629,
2026-04-14,DISA LOS SILOS,"SILOS, LOS",38.0,1.505,1.689,
2026-04-14,TGAS TACORONTE,TACORONTE,38.0,1.438,1.598,
2026-04-14,CEPSA AGUA GARCIA,TACORONTE,38.0,1.449,1.634,
2026-04-14,DISA TACORONTE,TACORONTE,38.0,1.505,1.659,
2026-04-14,MOEVE LOS NARANJEROS,TACORONTE,38.0,1.449,1.644,
2026-04-14,TGAS TEGUESTE,TEGUESTE CENTRO,38.0,1.525,1.695,
2026-04-14,BP TEGUESTE,TEGUESTE CENTRO,38.0,1.465,1.649,
2026-04-14,DISA EL SOCORRO,SOCORRO (EL),38.0,1.545,1.659,
2026-04-14,DISA VALLE GRAN REY,CALERA (LA),38.0,1.669,1.859,
2026-04-14,DISA VALLEHERMOSO,VALLEHERMOSO,38.0,1.669,1.859,
2026-04-14,ESTACION  SERVICIO CHIPUDE,CHIPUDE,38.0,1.659,1.859,
2026-04-14,DISA VALVERDE,VALVERDE DEL HIERRO,38.0,1.619,1.749,
2026-04-14,SHELL LA VICTORIA,VICTORIA DE ACENTEJO (LA),38.0,1.515,1.659,
2026-04-15,SHELL AGAETE,AGAETE,35.0,1.489,1.639,Agaete
2026-04-15,DISA AGAETE,AGAETE,35.0,1.469,1.609,Agaete
2026-04-15,DISA AGUIMES,AGUIMES,35.0,1.475,1.649,Agüimes
2026-04-15,DISA AUTOPISTA KM 21,AGUIMES,35.0,1.555,1.729,Agüimes
2026-04-15,"REPSOL OPER CANARIOS  S,L.",AGUIMES,35.0,1.429,1.587,Agüimes
2026-04-15,BP KM 13 CRUCE ARINAGA,CRUCE DE ARINAGA,35.0,1.439,1.597,Agüimes
2026-04-15,PLENERGY,CRUCE DE ARINAGA,35.0,1.379,1.489,Agüimes
2026-04-15,REPSOL,POLIGONO RESIDENCIAL DE ARINAGA,35.0,1.459,1.639,Agüimes
2026-04-15,DISA BALOS,AGUIMES,35.0,1.465,1.639,Agüimes
2026-04-15,CANARY OIL,AGUIMES,35.0,1.379,1.489,Agüimes
2026-04-15,OCÉANO,AGUIMES,35.0,1.419,1.539,Agüimes
2026-04-15,MOEVE,AGUIMES,35.0,1.429,1.634,Agüimes
2026-04-15,CEPSA,AGUIMES,35.0,1.429,1.634,Agüimes
2026-04-15,PETROPRIX,AGUIMES,35.0,1.379,1.489,Agüimes
2026-04-15,SHELL ARINAGA,AGUIMES,35.0,1.555,1.729,Agüimes
2026-04-15,DISA AUT.ARINAGA,AGUIMES,35.0,1.525,1.699,Agüimes
2026-04-15,REPSOL LA ALDEA,SAN NICOLAS DE TOLENTINO,35.0,1.505,1.689,Aldea de San Nicolás (La)
2026-04-15,DISA LA ALDEA,SAN NICOLAS DE TOLENTINO,35.0,1.505,1.689,Aldea de San Nicolás (La)
2026-04-15,PLENERGY,ANTIGUA,35.0,1.359,1.479,Antigua
2026-04-15,DISA EL MATORRAL,CASTILLO (EL),35.0,1.445,1.569,Antigua
2026-04-15,CEPSA ANTIGUA,ANTIGUA,35.0,1.439,1.584,Antigua
2026-04-15,BP CALETA DE FUSTE,CALETA DE FUSTE,35.0,1.449,1.589,Antigua
2026-04-15,PETROPRIX,CALETA DE FUSTE,35.0,1.359,1.479,Antigua
2026-04-15,DISA CIRCUNVALACION II,ARRECIFE,35.0,1.485,1.645,Arrecife
2026-04-15,DISA LOS MARMOLES,ARRECIFE,35.0,1.485,1.645,Arrecife
2026-04-15,DISA NUEVA AEROPUERTO,ARRECIFE,35.0,1.485,1.655,Arrecife
2026-04-15,DISA CIRCUNVALACION I,ARRECIFE,35.0,1.485,1.645,Arrecife
2026-04-15,REPSOL,ARRECIFE,35.0,1.468,1.638,Arrecife
2026-04-15,DISA,ARRECIFE,35.0,1.471,1.657,Arrecife
2026-04-15,BP,ARRECIFE,35.0,1.469,1.629,Arrecife
2026-04-15,MOEVE,ARRECIFE,35.0,1.469,1.654,Arrecife
2026-04-15,DISA AEROPUERTO,ARRECIFE,35.0,1.485,1.655,Arrecife
2026-04-15,PLENERGY,ARRECIFE,35.0,1.339,1.479,Arrecife
2026-04-15,SHELL ARRECIFE I,ARRECIFE,35.0,1.449,1.609,Arrecife
2026-04-15,DISA VALTERRA,ARRECIFE,35.0,1.505,1.665,Arrecife
2026-04-15,SHELL FLICK LANZAROTE,ARRECIFE,35.0,1.505,1.665,Arrecife
2026-04-15,DISA ARRECIFE,ARRECIFE,35.0,1.505,1.665,Arrecife
2026-04-15,SHELL ARRECIFE II,ARRECIFE,35.0,1.449,1.609,Arrecife
2026-04-15,ES ARTENARA,ARTENARA,35.0,1.479,1.649,Artenara
2026-04-15,E.S. SHELL AUTOVÍA  ARUCAS,ARUCAS,35.0,1.459,1.649,Arucas
2026-04-15,BP LAS VEGAS,ARUCAS,35.0,1.478,1.654,Arucas
2026-04-15,DISA ARUCAS,ARUCAS,35.0,1.475,1.649,Arucas
2026-04-15,SHELL NUEVA ARUCAS,ARUCAS,35.0,1.475,1.649,Arucas
2026-04-15,MOEVE  LOS PORTALES,ARUCAS,35.0,1.469,1.649,Arucas
2026-04-15,BP SANTIDAD,SANTIDAD,35.0,1.479,1.659,Arucas
2026-04-15,REPSOL,CASTILLOS (LOS),35.0,1.47,1.649,Arucas
2026-04-15,MOEVE,ARUCAS,35.0,1.449,1.664,Arucas
2026-04-15,"CEPSA OPER CANARIOS  S,L.",ARUCAS,35.0,1.449,1.664,Arucas
2026-04-15,DISA BAÑADEROS,ARUCAS,35.0,1.495,1.649,Arucas
2026-04-15,CEPSA,FIRGAS,35.0,1.469,1.664,Firgas
2026-04-15,SHELL GALDAR,GALDAR,35.0,1.485,1.639,Gáldar
2026-04-15,"CANARY OIL, S.L.",GALDAR,35.0,1.386,1.489,Gáldar
2026-04-15,TGAS SARDINA DEL NORTE,PUERTO DE SARDINA,35.0,1.465,1.619,Gáldar
2026-04-15,PETROPRIX,SAN ISIDRO,35.0,1.359,1.489,Gáldar
2026-04-15,REPSOL ,MARMOLEJOS,35.0,1.485,1.639,Gáldar
2026-04-15,TGAS HARÍA,HARIA,35.0,1.459,1.629,Haría
2026-04-15,PCAN ARRIETA,ARRIETA,35.0,1.399,1.549,Haría
2026-04-15,MOEVE INGENIO,INGENIO,35.0,1.399,1.599,Ingenio
2026-04-15,PLENERGY,INGENIO,35.0,1.359,1.489,Ingenio
2026-04-15,PETROPRIX,INGENIO,35.0,1.359,1.489,Ingenio
2026-04-15,SHELL INGENIO,INGENIO,35.0,1.485,1.659,Ingenio
2026-04-15,DISA NUEVO INGENIO,INGENIO,35.0,1.485,1.659,Ingenio
2026-04-15,BP EL CARRIZAL,INGENIO,35.0,1.475,1.659,Ingenio
2026-04-15,DISA CARRIZAL,CARRIZAL,35.0,1.465,1.639,Ingenio
2026-04-15,OCÉANO EL CARRIZAL,CARRIZAL,35.0,1.409,1.539,Ingenio
2026-04-15,"SANTANA DOMINGUEZ, S.L.",CARRIZAL,35.0,1.32,1.485,Ingenio
2026-04-15,DISA MOGAN,MOGAN,35.0,1.515,1.659,Mogán
2026-04-15,"PUERTO RICO, S.A",ALMACIGOS (LOS),35.0,1.459,1.579,Mogán
2026-04-15,PCAN,ARGUINEGUIN,35.0,1.449,1.629,Mogán
2026-04-15,BP ARGUINEGUIN,ARGUINEGUIN,35.0,1.475,1.659,Mogán
2026-04-15,SHELL PUERTO RICO,PUERTO RICO,35.0,1.495,1.659,Mogán
2026-04-15,"CANARY GREEN CORNER, SL",BARRANCO DEL LAUREL,35.0,1.396,1.539,Moya
2026-04-15,H2EXAGON NORTE,MOYA,35.0,1.379,1.489,Moya
2026-04-15,BP MOYA,MOYA,35.0,1.475,1.649,Moya
2026-04-15,BP KM 13 - 1 (SAN ANDRES),MOYA,35.0,1.457,1.597,Moya
2026-04-15,DISA LA OLIVA,OLIVA (LA),35.0,1.505,1.615,Oliva (La)
2026-04-15,DISA CORRALEJO,CORRALEJO,35.0,1.505,1.615,Oliva (La)
2026-04-15,H2GO CORRALEJO,CORRALEJO,35.0,1.449,1.575,Oliva (La)
2026-04-15,DISA COSTA CALMA,COSTA CALMA,35.0,1.495,1.619,Pájara
2026-04-15,CEPSA,COSTA CALMA,35.0,1.469,1.614,Pájara
2026-04-15,SHELL JANDIA,MORRO JABLE,35.0,1.485,1.619,Pájara
2026-04-15,H2GO MORRO JABLE,MORRO JABLE,35.0,1.449,1.575,Pájara
2026-04-15,E.S. DISA VEGUETA,PALMAS DE GRAN CANARIA (LAS),35.0,1.459,1.649,Palmas de Gran Canaria (Las)
2026-04-15,SHELL VEGUETA,PALMAS DE GRAN CANARIA (LAS),35.0,1.495,1.659,Palmas de Gran Canaria (Las)
2026-04-15,MOEVE,PALMAS DE GRAN CANARIA (LAS),35.0,1.449,1.664,Palmas de Gran Canaria (Las)
2026-04-15,REPSOL,PALMAS DE GRAN CANARIA (LAS),35.0,1.469,1.649,Palmas de Gran Canaria (Las)
2026-04-15,BP SAN LORENZO,PALMAS DE GRAN CANARIA (LAS),35.0,1.475,1.659,Palmas de Gran Canaria (Las)
2026-04-15,CEPSA,PALMAS DE GRAN CANARIA (LAS),35.0,1.449,1.664,Palmas de Gran Canaria (Las)
2026-04-15,BP SAN JOSE,PALMAS DE GRAN CANARIA (LAS),35.0,1.475,1.659,Palmas de Gran Canaria (Las)
2026-04-15,DISA SAN JOSE,PALMAS DE GRAN CANARIA (LAS),35.0,1.495,1.659,Palmas de Gran Canaria (Las)
2026-04-15,SHELL MERCALASPALMAS,PALMAS DE GRAN CANARIA (LAS),35.0,1.475,1.649,Palmas de Gran Canaria (Las)
2026-04-15,DISA EL SEBADAL,PALMAS DE GRAN CANARIA (LAS),35.0,1.515,1.689,Palmas de Gran Canaria (Las)
2026-04-15,BP PUERTO DE LA LUZ,PALMAS DE GRAN CANARIA (LAS),35.0,1.474,1.668,Palmas de Gran Canaria (Las)
2026-04-15,PETROPRIX,PALMAS DE GRAN CANARIA (LAS),35.0,1.399,1.559,Palmas de Gran Canaria (Las)
2026-04-15,DISA PUERTO DE LA LUZ,PALMAS DE GRAN CANARIA (LAS),35.0,1.485,1.659,Palmas de Gran Canaria (Las)
2026-04-15,BP CIDELMAR,PALMAS DE GRAN CANARIA (LAS),35.0,1.475,1.659,Palmas de Gran Canaria (Las)
2026-04-15,SHELL TOMAS MORALES,PALMAS DE GRAN CANARIA (LAS),35.0,1.475,1.649,Palmas de Gran Canaria (Las)
2026-04-15,MOEVE PLAZA DEL PINO,PALMAS DE GRAN CANARIA (LAS),35.0,1.449,1.629,Palmas de Gran Canaria (Las)
2026-04-15,PLENERGY,PALMAS DE GRAN CANARIA (LAS),35.0,1.369,1.469,Palmas de Gran Canaria (Las)
2026-04-15,"CANARY OIL, S.L.",PALMAS DE GRAN CANARIA (LAS),35.0,1.369,1.469,Palmas de Gran Canaria (Las)
2026-04-15,BP COOPERATIVA TAXIS S. CRISTOBAL,PALMAS DE GRAN CANARIA (LAS),35.0,1.457,1.649,Palmas de Gran Canaria (Las)
2026-04-15,MOEVE HOYA PARRADO,PALMAS DE GRAN CANARIA (LAS),35.0,1.439,1.629,Palmas de Gran Canaria (Las)
2026-04-15,DISA TAFIRA,PALMAS DE GRAN CANARIA (LAS),35.0,1.465,1.639,Palmas de Gran Canaria (Las)
2026-04-15,SHELL REHOYAS,PALMAS DE GRAN CANARIA (LAS),35.0,1.475,1.649,Palmas de Gran Canaria (Las)
2026-04-15,DISA TARAHALES I,PALMAS DE GRAN CANARIA (LAS),35.0,1.465,1.639,Palmas de Gran Canaria (Las)
2026-04-15,BP LA PATERNA,PALMAS DE GRAN CANARIA (LAS),35.0,1.488,1.664,Palmas de Gran Canaria (Las)
2026-04-15,E.S. DISA MILLER BAJO,PALMAS DE GRAN CANARIA (LAS),35.0,1.459,1.649,Palmas de Gran Canaria (Las)
2026-04-15,DISA JUAN XXIII,PALMAS DE GRAN CANARIA (LAS),35.0,1.475,1.649,Palmas de Gran Canaria (Las)
2026-04-15,BP CIUDAD JARDIN (CAN),PALMAS DE GRAN CANARIA (LAS),35.0,1.475,1.659,Palmas de Gran Canaria (Las)
2026-04-15,DISA CHIL,PALMAS DE GRAN CANARIA (LAS),35.0,1.485,1.659,Palmas de Gran Canaria (Las)
2026-04-15,H2EXAGON LAS TORRES,PALMAS DE GRAN CANARIA (LAS),35.0,1.32,1.489,Palmas de Gran Canaria (Las)
2026-04-15,BP LOMO LOS FRAILES,TAMARACEITE,35.0,1.475,1.659,Palmas de Gran Canaria (Las)
2026-04-15,BP TAMARACEITE II,TAMARACEITE,35.0,1.475,1.659,Palmas de Gran Canaria (Las)
2026-04-15,BP GUANARTEME,PALMAS DE GRAN CANARIA (LAS),35.0,1.475,1.659,Palmas de Gran Canaria (Las)
2026-04-15,DISA ALCARAVANERAS,PALMAS DE GRAN CANARIA (LAS),35.0,1.485,1.649,Palmas de Gran Canaria (Las)
2026-04-15,E.S. SHELL SCHAMANN,PALMAS DE GRAN CANARIA (LAS),35.0,1.459,1.649,Palmas de Gran Canaria (Las)
2026-04-15,H2EXAGON ESCALERITAS,PALMAS DE GRAN CANARIA (LAS),35.0,1.369,1.469,Palmas de Gran Canaria (Las)
2026-04-15,BP BARRANQUILLO TAXISTAS SAN CRISTOBAL,PALMAS DE GRAN CANARIA (LAS),35.0,1.457,1.649,Palmas de Gran Canaria (Las)
2026-04-15,DISA EL DRAGON,PALMAS DE GRAN CANARIA (LAS),35.0,1.475,1.649,Palmas de Gran Canaria (Las)
2026-04-15,DISA ESCALERITAS,PALMAS DE GRAN CANARIA (LAS),35.0,1.475,1.649,Palmas de Gran Canaria (Las)
2026-04-15,BP ALTAVISTA,PALMAS DE GRAN CANARIA (LAS),35.0,1.475,1.659,Palmas de Gran Canaria (Las)
2026-04-15,DISA ALMATRICHE,ALMATRICHE,35.0,1.479,1.707,Palmas de Gran Canaria (Las)
2026-04-15,DISA TAMARACEITE,ALMATRICHE,35.0,1.475,1.659,Palmas de Gran Canaria (Las)
2026-04-15,CEPSA LA MARINA,PALMAS DE GRAN CANARIA (LAS),35.0,1.459,1.549,Palmas de Gran Canaria (Las)
2026-04-15,BP LA HONDURA,PUERTO DEL ROSARIO,35.0,1.437,1.567,Puerto del Rosario
2026-04-15,DISA,PUERTO DEL ROSARIO,35.0,1.42,1.545,Puerto del Rosario
2026-04-15,PCAN GIL,PUERTO DEL ROSARIO,35.0,1.419,1.524,Puerto del Rosario
2026-04-15,MERCASOSA,PUERTO DEL ROSARIO,35.0,1.42,1.545,Puerto del Rosario
2026-04-15,DISA SECUNDINO ALONSO,PUERTO DEL ROSARIO,35.0,1.455,1.609,Puerto del Rosario
2026-04-15,DISA  EL CHARCO,PUERTO DEL ROSARIO,35.0,1.445,1.599,Puerto del Rosario
2026-04-15,DISA RIO CABRAS,PUERTO DEL ROSARIO,35.0,1.445,1.599,Puerto del Rosario
2026-04-15,REPSOL,PUERTO DEL ROSARIO,35.0,1.449,1.599,Puerto del Rosario
2026-04-15,CEPSA PUERTO ROSARIO,PUERTO DEL ROSARIO,35.0,1.439,1.594,Puerto del Rosario
2026-04-15,H2GO MUELLE CHICO,PUERTO DEL ROSARIO,35.0,1.449,1.575,Puerto del Rosario
2026-04-15,MOEVE,PUERTO DEL ROSARIO,35.0,1.439,1.594,Puerto del Rosario
2026-04-15,DISA,SAN BARTOLOME,35.0,1.449,1.619,San Bartolomé
2026-04-15,REPSOL,PLAYA HONDA,35.0,1.469,1.639,San Bartolomé
2026-04-15,DISA MASPALOMAS,SAN FERNANDO,35.0,1.475,1.649,San Bartolomé de Tirajana
2026-04-15,MOEVE MASPALOMAS,MASPALOMAS,35.0,1.449,1.654,San Bartolomé de Tirajana
2026-04-15,PETROPRIX,MASPALOMAS,35.0,1.349,1.549,San Bartolomé de Tirajana
2026-04-15,REPSOL,TABLERO (EL),35.0,1.459,1.649,San Bartolomé de Tirajana
2026-04-15,DISA FATAGA,SAN BARTOLOME TIRAJANA,35.0,1.475,1.648,San Bartolomé de Tirajana
2026-04-15,CEPSA JUAN GRANDE,SAN BARTOLOME TIRAJANA,35.0,1.449,1.639,San Bartolomé de Tirajana
2026-04-15,SHELL JUAN GRANDE,SAN BARTOLOME TIRAJANA,35.0,1.475,1.659,San Bartolomé de Tirajana
2026-04-15,DISA ,SAN BARTOLOME TIRAJANA,35.0,1.504,1.65,San Bartolomé de Tirajana
2026-04-15,CEPSA TAXISTAS S.AGUSTIN,SAN BARTOLOME TIRAJANA,35.0,1.449,1.654,San Bartolomé de Tirajana
2026-04-15,SHELL MASPALOMAS,SAN BARTOLOME TIRAJANA,35.0,1.475,1.649,San Bartolomé de Tirajana
2026-04-15,BP EL VERIL,SAN BARTOLOME TIRAJANA,35.0,1.475,1.659,San Bartolomé de Tirajana
2026-04-15,BP SANTA BRIGIDA,SANTA BRIGIDA,35.0,1.465,1.659,Santa Brígida
2026-04-15,SHELL VECINDARIO,SANTA LUCIA,35.0,1.505,1.679,Santa Lucía de Tirajana
2026-04-15,DISA,SANTA LUCIA,35.0,1.462,1.634,Santa Lucía de Tirajana
2026-04-15,SHELL SANTA LUCIA,SANTA LUCIA,35.0,1.505,1.679,Santa Lucía de Tirajana
2026-04-15,OCÉANO SARDINA SUR,SANTA LUCIA,35.0,1.379,1.559,Santa Lucía de Tirajana
2026-04-15,MOEVE POZO IZQUIERDO,SANTA LUCIA,35.0,1.399,1.589,Santa Lucía de Tirajana
2026-04-15,BP EL TARO,SANTA LUCIA,35.0,1.456,1.648,Santa Lucía de Tirajana
2026-04-15,REPSOL,VECINDARIO,35.0,1.469,1.639,Santa Lucía de Tirajana
2026-04-15,BP DOCTORAL,DOCTORAL (EL),35.0,1.459,1.629,Santa Lucía de Tirajana
2026-04-15,ESTACION DE SERVICIO P44,CASA PASTORES,35.0,1.429,1.634,Santa Lucía de Tirajana
2026-04-15,BP GUIA,SANTA MARIA DE GUIA,35.0,1.475,1.659,Santa María de Guía de Gran Canaria
2026-04-15,DISA GUIA,SANTA MARIA DE GUIA,35.0,1.485,1.639,Santa María de Guía de Gran Canaria
2026-04-15,MOEVE,SANTA MARIA DE GUIA,35.0,1.469,1.664,Santa María de Guía de Gran Canaria
2026-04-15,REPSOL,SANTA MARIA DE GUIA,35.0,1.475,1.629,Santa María de Guía de Gran Canaria
2026-04-15,PLENERGY,BARRANQUILLO FRIO,35.0,1.359,1.489,Santa María de Guía de Gran Canaria
2026-04-15,CEPSA,VILLA DE TEGUISE,35.0,1.465,1.635,Teguise
2026-04-15,DISA COSTA TEGUISE,COSTA TEGUISE,35.0,1.485,1.639,Teguise
2026-04-15,DISA TEGUISE GOLF,TEGUISE,35.0,1.485,1.639,Teguise
2026-04-15,CEPSA TAHICHE II,TEGUISE,35.0,1.465,1.643,Teguise
2026-04-15,CEPSA TAHICHE I,TEGUISE,35.0,1.465,1.643,Teguise
2026-04-15,DISA TEJEDA,TEJEDA,35.0,1.479,1.649,Tejeda
2026-04-15,REPSOL,TELDE,35.0,1.469,1.649,Telde
2026-04-15,CEPSA EL CUBILLO,TELDE,35.0,1.439,1.629,Telde
2026-04-15,DISA TAXITEL,TELDE,35.0,1.475,1.649,Telde
2026-04-15,DISA PUNTO FIELATO,TELDE,35.0,1.485,1.659,Telde
2026-04-15,DISA EL ROQUE,TELDE,35.0,1.485,1.659,Telde
2026-04-15,DISA CRUCE DE MELENARA,TELDE,35.0,1.475,1.649,Telde
2026-04-15,SHELL TELDE,TELDE,35.0,1.485,1.659,Telde
2026-04-15,H2EXAGON JINAMAR,TELDE,35.0,1.387,1.489,Telde
2026-04-15,MOEVE,TELDE,35.0,1.439,1.644,Telde
2026-04-15,DISA JINAMAR,JINAMAR,35.0,1.475,1.649,Telde
2026-04-15,BP JINAMAR,JINAMAR,35.0,1.475,1.659,Telde
2026-04-15,BP LAS TERRAZAS,JINAMAR,35.0,1.475,1.659,Telde
2026-04-15,BP CRUZ DE LA GALLINA LOMO LA FRANCIA,JINAMAR,35.0,1.459,1.649,Telde
2026-04-15,DISA LA PARDILLA,PARDILLA (LA),35.0,1.455,1.639,Telde
2026-04-15,DISA BOCABARRANCO,SAN ANTONIO,35.0,1.455,1.639,Telde
2026-04-15,OCÉANO,GARITA (LA),35.0,1.36,1.54,Telde
2026-04-15,BP LA GARITA,GARITA (LA),35.0,1.429,1.609,Telde
2026-04-15,DISA CUATRO PUERTAS,GORO (EL),35.0,1.475,1.649,Telde
2026-04-15,"CANARY OIL, S.L.",GORO (EL),35.0,1.337,1.477,Telde
2026-04-15,FAST FUEL GORO,TELDE,35.0,1.338,1.478,Telde
2026-04-15,CEPSA OJOS DE GARZA,TELDE,35.0,1.449,1.639,Telde
2026-04-15,"CEPSA OPER CANARIOS S,L.",TELDE,35.0,1.439,1.629,Telde
2026-04-15,BP CRUCE DE MELENARA,EL CALERO-TELDE,35.0,1.475,1.659,Telde
2026-04-15,BP EL CALERO,EL CALERO-TELDE,35.0,1.475,1.659,Telde
2026-04-15,PETROPRIX,EL CALERO-TELDE,35.0,1.379,1.489,Telde
2026-04-15,DISA TEROR,TEROR,35.0,1.505,1.669,Teror
2026-04-15,MOEVE,TEROR,35.0,1.469,1.664,Teror
2026-04-15,PCAN,TIAS,35.0,1.436,1.639,Tías
2026-04-15,SPL,TIAS,35.0,1.469,1.639,Tías
2026-04-15,DISA PUERTO DEL CARMEN,PUERTO DEL CARMEN,35.0,1.469,1.599,Tías
2026-04-15,CEPSA,PUERTO DEL CARMEN,35.0,1.409,1.614,Tías
2026-04-15,DISA MACHER,MACHER,35.0,1.429,1.589,Tías
2026-04-15,MOEVE TINAJO,TINAJO,35.0,1.449,1.649,Tinajo
2026-04-15,SANTANA DOMINGUEZ,TUINEJE,35.0,1.32,1.555,Tuineje
2026-04-15,CEPSA GRAN TARAJAL,GRAN TARAJAL,35.0,1.439,1.594,Tuineje
2026-04-15,DISA EL CARACOL,TARAJALEJO,35.0,1.475,1.599,Tuineje
2026-04-15,BP VALLESECO,VALLESECO,35.0,1.475,1.649,Valleseco
2026-04-15,CEPSA LOS ALMENDROS,VALSEQUILLO,35.0,1.439,1.569,Valsequillo de Gran Canaria
2026-04-15,DISA ,VALSEQUILLO,35.0,1.439,1.664,Valsequillo de Gran Canaria
2026-04-15,SHELL SAN MATEO,VEGA DE SAN MATEO,35.0,1.465,1.639,Vega de San Mateo
2026-04-15,REPSOL SAN MATEO,VEGA DE SAN MATEO,35.0,1.457,1.657,Vega de San Mateo
2026-04-15,E.S.DISA YAIZA,YAIZA,35.0,1.519,1.759,Yaiza
2026-04-15,COMBUSTIBLES CANARIOS,YAIZA,35.0,1.449,1.619,Yaiza
2026-04-15,REPSOL,YAIZA,35.0,1.455,1.705,Yaiza
2026-04-15,ESTACION PLAYA BLANCA,YAIZA,35.0,1.449,1.649,Yaiza
2026-04-15,MARINA RUBICON,PLAYA BLANCA,35.0,1.419,1.619,Yaiza
2026-04-15,BP LA ATALAYA,ADEJE,38.0,1.474,1.658,Adeje
2026-04-15,SHELL,ADEJE,38.0,1.474,1.658,Adeje
2026-04-15,GMOIL,ADEJE,38.0,1.339,1.489,Adeje
2026-04-15,BP COOP SAN SEBASTIAN,ADEJE,38.0,1.475,1.659,Adeje
2026-04-15,REPSOL,ADEJE,38.0,1.464,1.648,Adeje
2026-04-15,TGAS-TU TRÉBOL,ADEJE,38.0,1.356,1.48,Adeje
2026-04-15,PLENERGY,ADEJE,38.0,1.349,1.489,Adeje
2026-04-15,DISA FAÑABE,FAÑABE,38.0,1.475,1.649,Adeje
2026-04-15,DISA,FAÑABE,38.0,1.498,1.605,Adeje
2026-04-15,BP SIAM MALL,PLAYA DE LAS AMERICAS,38.0,1.475,1.659,Adeje
2026-04-15,DISA TIJOCO,TIJOCO BAJO,38.0,1.555,1.729,Adeje
2026-04-15,MOEVE,CALDERA (LA),38.0,1.469,1.644,Adeje
2026-04-15,H2GO MAXO ARMEÑIME,ADEJE,38.0,1.455,1.629,Adeje
2026-04-15,OCÉANO PLAYA SANTIAGO,ALAJERO,38.0,1.669,1.859,Alajeró
2026-04-15,H2EXAGON ARAFO,ARAFO,38.0,1.357,1.499,Arafo
2026-04-15,BP POLIGONO GUIMAR,ARAFO,38.0,1.475,1.659,Arafo
2026-04-15,REPSOL,ARAFO,38.0,1.479,1.649,Arafo
2026-04-15,CEPSA,ARAFO,38.0,1.439,1.644,Arafo
2026-04-15,PLENERGY,ARAFO,38.0,1.347,1.489,Arafo
2026-04-15,TGAS LA HIDALGA,HIDALGA (LA),38.0,1.439,1.629,Arafo
2026-04-15,CEPSA,CISNERA,38.0,1.419,1.599,Arico
2026-04-15,DISA,ARICO NUEVO,38.0,1.439,1.624,Arico
2026-04-15,REPSOL,PORIS DE ABONA,38.0,1.439,1.624,Arico
2026-04-15,ESTACIÓN ABADES KM 44,ARICO,38.0,1.436,1.649,Arico
2026-04-15,REPSOL,ARONA,38.0,1.469,1.629,Arona
2026-04-15,SHELL ARONA,ARONA,38.0,1.465,1.629,Arona
2026-04-15,BP TEN BEL,ARONA,38.0,1.449,1.629,Arona
2026-04-15,BP GUAZA,ARONA,38.0,1.474,1.658,Arona
2026-04-15,CEPSA,ARONA,38.0,1.449,1.624,Arona
2026-04-15,TGAS LAS GALLETAS,ARONA,38.0,1.449,1.639,Arona
2026-04-15,TGAS ARONA,ARONA,38.0,1.44,1.59,Arona
2026-04-15,MOEVE LLANO AZUL,ARONA,38.0,1.449,1.614,Arona
2026-04-15,DISA,CAMELLA(LA),38.0,1.449,1.624,Arona
2026-04-15,BP CABO BLANCO,CABO BLANCO,38.0,1.474,1.648,Arona
2026-04-15,BP LOS CRISTIANOS,CRISTIANOS(LOS),38.0,1.475,1.659,Arona
2026-04-15,BP PLAYA LAS AMERICAS,PLAYA DE LAS AMERICAS (ARONA),38.0,1.475,1.659,Arona
2026-04-15,CEPSA COSTA DEL SILENCIO,COSTA DEL SILENCIO,38.0,1.419,1.614,Arona
2026-04-15,SHELL,BARLOVENTO,38.0,1.569,1.599,Barlovento
2026-04-15,DISA,SAN PEDRO DE BREÑA ALTA,38.0,1.699,1.619,Breña Alta
2026-04-15,SHELL,BREÑA,38.0,1.695,1.619,Breña Alta
2026-04-15,MOEVE,BREÑA ALTA,38.0,1.622,1.599,Breña Alta
2026-04-15,DISA,BUENAVISTA DEL NORTE,38.0,1.505,1.689,Buenavista del Norte
2026-04-15,DISA CANDELARIA,CANDELARIA,38.0,1.475,1.649,Candelaria
2026-04-15,DISA LAS CALETILLAS,CALETILLAS (LAS),38.0,1.575,1.755,Candelaria
2026-04-15,TGAS,CALETILLAS (LAS),38.0,1.559,1.699,Candelaria
2026-04-15,PCAN,BARRANCO HONDO,38.0,1.468,1.638,Candelaria
2026-04-15,CEPSA,FASNIA,38.0,1.439,1.654,Fasnia
2026-04-15,DISA,FASNIA,38.0,1.479,1.639,Fasnia
2026-04-15,REPSOL,FASNIA,38.0,1.469,1.639,Fasnia
2026-04-15,DISA EL PINAR,PINAR (EL),38.0,1.619,1.749,Frontera
2026-04-15,DISA FRONTERA,FRONTERA,38.0,1.619,1.749,Frontera
2026-04-15,"DEL VALLE COMBUSTIBLES, S.L.",FRONTERA,38.0,1.551,1.678,Frontera
2026-04-15,PCAN,FUENCALIENTE,38.0,1.549,1.598,Fuencaliente de la Palma
2026-04-15,E.S. LA CALETA,GARACHICO,38.0,1.459,1.649,Garachico
2026-04-15,TGAS GARAFÍA,GARAFIA,38.0,1.695,1.65,Garafía
2026-04-15,BP AEROPUERTO REINA SOFIA,AEROPUERTO REINA SOFIA (SANTA CRUZ DE TENERIFE),38.0,1.475,1.659,Granadilla de Abona
2026-04-15,REPSOL,AEROPUERTO REINA SOFIA (SANTA CRUZ DE TENERIFE),38.0,1.469,1.639,Granadilla de Abona
2026-04-15,PCAN,GRANADILLA DE ABONA,38.0,1.436,1.629,Granadilla de Abona
2026-04-15,DISA GRANADILLA,GRANADILLA DE ABONA,38.0,1.505,1.675,Granadilla de Abona
2026-04-15,MOEVE,GRANADILLA DE ABONA,38.0,1.449,1.639,Granadilla de Abona
2026-04-15,CEPSA LOS LLANOS (MOEVE) - GRANADILLA,GRANADILLA DE ABONA,38.0,1.439,1.594,Granadilla de Abona
2026-04-15,DISA SAN ISIDRO,SAN ISIDRO,38.0,1.485,1.659,Granadilla de Abona
2026-04-15,TGAS EL MÉDANO,MEDANO (EL),38.0,1.459,1.634,Granadilla de Abona
2026-04-15,PCAN,GUANCHA (LA),38.0,1.402,1.569,Guancha (La)
2026-04-15,TGAS SANTA CATALINA,GUANCHA (LA),38.0,1.397,1.597,Guancha (La)
2026-04-15,DISA           STO DOMINGO,SANTO DOMINGO,38.0,1.409,1.539,Guancha (La)
2026-04-15,DISA,GUIA DE ISORA,38.0,1.499,1.599,Guía de Isora
2026-04-15,SHELL,GUIA DE ISORA,38.0,1.499,1.599,Guía de Isora
2026-04-15,CEPSA,GUIA DE ISORA,38.0,1.429,1.614,Guía de Isora
2026-04-15,E.S. CEPSA CHIO,CHIO,38.0,1.479,1.609,Guía de Isora
2026-04-15,DISA PLAYA SAN JUAN,PLAYA DE SAN JUAN,38.0,1.495,1.629,Guía de Isora
2026-04-15,PCAN,ALCALA,38.0,1.439,1.649,Guía de Isora
2026-04-15,MOEVE,GÜIMAR,38.0,1.439,1.629,Güímar
2026-04-15,DISA PUERTITO,GÜIMAR,38.0,1.439,1.629,Güímar
2026-04-15,DISA GÜIMAR,GÜIMAR,38.0,1.475,1.649,Güímar
2026-04-15,SHELL GUIMAR,GÜIMAR,38.0,1.439,1.629,Güímar
2026-04-15,OCÉANO,GÜIMAR,38.0,1.347,1.599,Güímar
2026-04-15,EL ESCOBONAL,ESCOBONAL (EL),38.0,1.439,1.609,Güímar
2026-04-15,DISA HERMIGUA,HERMIGUA,38.0,1.669,1.859,Hermigua
2026-04-15,DISA ICOD DE LOS VINOS,ICOD DE LOS VINOS,38.0,1.485,1.669,Icod de los Vinos
2026-04-15,SHELL ICOD DE LOS VINOS,ICOD DE LOS VINOS,38.0,1.505,1.689,Icod de los Vinos
2026-04-15,CEPSA,ICOD DE LOS VINOS,38.0,1.459,1.664,Icod de los Vinos
2026-04-15,RED DE COMBUSTIBLES CANARIOS,ICOD DE LOS VINOS,38.0,1.369,1.499,Icod de los Vinos
2026-04-15,DISA ,LLANOS DE ARIDANE (LOS),38.0,1.695,1.619,Llanos de Aridane (Los)
2026-04-15,SHELL,LLANOS DE ARIDANE (LOS),38.0,1.695,1.619,Llanos de Aridane (Los)
2026-04-15,BP LOS LLANOS,LLANOS DE ARIDANE (LOS),38.0,1.635,,Llanos de Aridane (Los)
2026-04-15,DISA LA MATANZA,MATANZA DE ACENTEJO (LA),38.0,1.515,1.659,Matanza de Acentejo (La)
2026-04-15,DISA EL BOHIO,MATANZA DE ACENTEJO (LA),38.0,1.498,1.686,Matanza de Acentejo (La)
2026-04-15,SHELL ACENTEJO,GUIA,38.0,1.515,1.659,Matanza de Acentejo (La)
2026-04-15,DISA,OROTAVA (LA),38.0,1.475,1.659,Orotava (La)
2026-04-15,BP EL RAMAL,OROTAVA (LA),38.0,1.475,1.659,Orotava (La)
2026-04-15,CEPSA LA CAÑADA,OROTAVA (LA),38.0,1.419,1.619,Orotava (La)
2026-04-15,REPSOL BARROSO,OROTAVA (LA),38.0,1.499,1.599,Orotava (La)
2026-04-15,PLENERGY,LUZ (LA),38.0,1.395,1.559,Orotava (La)
2026-04-15,BP EL TROMPO,SAN JERONIMO,38.0,1.475,1.659,Orotava (La)
2026-04-15,REPSOL,PERDOMA (LA),38.0,1.459,1.669,Orotava (La)
2026-04-15,SHELL LA PERDOMA,OROTAVA (LA),38.0,1.475,1.659,Orotava (La)
2026-04-15,DISA,PASO (EL),38.0,1.695,1.619,Paso (El)
2026-04-15,SHELL,PASO (EL),38.0,1.695,1.669,Paso (El)
2026-04-15,BP PUERTO DE LA CRUZ,PUERTO DE LA CRUZ,38.0,1.475,1.659,Puerto de la Cruz
2026-04-15,SHELL EL AGUILA,PUERTO DE LA CRUZ,38.0,1.485,1.645,Puerto de la Cruz
2026-04-15,SHELL,PUERTO DE LA CRUZ,38.0,1.475,1.629,Puerto de la Cruz
2026-04-15,CEPSA PUERTO DE LA CRUZ,PUERTO DE LA CRUZ,38.0,1.429,1.619,Puerto de la Cruz
2026-04-15,DISA,PUERTO DE LA CRUZ,38.0,1.485,1.639,Puerto de la Cruz
2026-04-15,REPSOL,PUNTAGORDA,38.0,1.55,1.65,Puntagorda
2026-04-15,SHELL PUNTALLANA,PUNTALLANA,38.0,1.599,1.689,Puntallana
2026-04-15,TGAS LA GORVORANA,REALEJOS (LOS),38.0,1.469,1.659,Realejos (Los)
2026-04-15,SHELL LAS DEHESAS,REALEJOS (LOS),38.0,1.495,1.645,Realejos (Los)
2026-04-15,SHELL LOS REALEJOS,REALEJOS (LOS),38.0,1.485,1.645,Realejos (Los)
2026-04-15,PCAN,REALEJOS (LOS),38.0,1.428,1.598,Realejos (Los)
2026-04-15,CEPSA,REALEJOS (LOS),38.0,1.438,1.669,Realejos (Los)
2026-04-15,DISA LOS BARROS,REALEJOS (LOS),38.0,1.485,1.639,Realejos (Los)
2026-04-15,EESS OCÉANO  LA AZADILLA,REALEJOS (LOS),38.0,1.425,1.595,Realejos (Los)
2026-04-15,PETROPRIX,REALEJOS (LOS),38.0,1.385,1.555,Realejos (Los)
2026-04-15,OCÉANO LOS REALEJOS,REALEJOS (LOS),38.0,1.425,1.575,Realejos (Los)
2026-04-15,ESTACION DE SERVICIOS EL MIRADOR,REALEJOS (LOS),38.0,1.419,1.629,Realejos (Los)
2026-04-15,REPSOL,CRUZ SANTA,38.0,1.454,1.699,Realejos (Los)
2026-04-15,DISA,ICOD EL ALTO,38.0,1.475,1.625,Realejos (Los)
2026-04-15,TGAS EL ROSARIO,SAN ISIDRO,38.0,1.449,1.629,Rosario (El)
2026-04-15,CEPSA,ROSARIO (EL),38.0,1.439,1.634,Rosario (El)
2026-04-15,PCAN,ROSARIO (EL),38.0,1.436,1.638,Rosario (El)
2026-04-15,MOEVE,SAUCES (LOS),38.0,1.622,1.599,San Andrés y Sauces
2026-04-15,DISA,SAUCES (LOS),38.0,1.569,1.599,San Andrés y Sauces
2026-04-15,SHELL LA LAGUNA,SAN CRISTOBAL,38.0,1.445,1.619,San Cristóbal de La Laguna
2026-04-15,REPSOL,SAN CRISTOBAL,38.0,1.439,1.657,San Cristóbal de La Laguna
2026-04-15,ES TAXLAGUNA ,SAN CRISTOBAL,38.0,1.42,1.583,San Cristóbal de La Laguna
2026-04-15,BP E.S. LAS CANTERAS S.L.,SAN CRISTOBAL,38.0,1.458,1.638,San Cristóbal de La Laguna
2026-04-15,PCAN,"CUESTA, LA",38.0,1.388,1.598,San Cristóbal de La Laguna
2026-04-15,DISA OFRA,"CUESTA, LA",38.0,1.455,1.635,San Cristóbal de La Laguna
2026-04-15,DISA VISTABELLA,"CUESTA, LA",38.0,1.455,1.635,San Cristóbal de La Laguna
2026-04-15,OCÉANO TACO,TACO,38.0,1.299,1.499,San Cristóbal de La Laguna
2026-04-15,TGAS LOS BALDÍOS,"BALDIOS, LOS",38.0,1.469,1.659,San Cristóbal de La Laguna
2026-04-15,BP TEJINA,TEJINA,38.0,1.475,1.659,San Cristóbal de La Laguna
2026-04-15,DISA TEJINA,TEJINA,38.0,1.545,1.665,San Cristóbal de La Laguna
2026-04-15,DISA BAJAMAR,BAJAMAR,38.0,1.545,1.665,San Cristóbal de La Laguna
2026-04-15,OCÉANO,LA LAGUNA,38.0,1.359,1.599,San Cristóbal de La Laguna
2026-04-15,DISA LAS CHUMBERAS,LA LAGUNA,38.0,1.435,1.615,San Cristóbal de La Laguna
2026-04-15,DISA LOS MAJUELOS,LA LAGUNA,38.0,1.435,1.625,San Cristóbal de La Laguna
2026-04-15,CEPSA LOS ANDENES,LA LAGUNA,38.0,1.439,1.629,San Cristóbal de La Laguna
2026-04-15,BP TACO NORTE,LA LAGUNA,38.0,1.475,1.659,San Cristóbal de La Laguna
2026-04-15,BP SAN BENITO,LA LAGUNA,38.0,1.475,1.649,San Cristóbal de La Laguna
2026-04-15,DISA PADRE ANCHIETA,LA LAGUNA,38.0,1.445,1.619,San Cristóbal de La Laguna
2026-04-15,TGAS,LA LAGUNA,38.0,1.399,1.659,San Cristóbal de La Laguna
2026-04-15,TGAS LAS MERCEDES,LA LAGUNA,38.0,1.499,1.683,San Cristóbal de La Laguna
2026-04-15,REPSOL,SAN JUAN DE LA RAMBLA,38.0,1.449,1.609,San Juan de la Rambla
2026-04-15,REPSOL,SAN MIGUEL,38.0,1.479,1.649,San Miguel de Abona
2026-04-15,DISA SAN MIGUEL,SAN MIGUEL,38.0,1.495,1.669,San Miguel de Abona
2026-04-15,OCÉANO,CHAFIRAS (LAS),38.0,1.335,1.599,San Miguel de Abona
2026-04-15,DISA LAS CHAFIRAS,CHAFIRAS (LAS),38.0,1.465,1.639,San Miguel de Abona
2026-04-15,ESTACIÓN DE SERVICIO EL GOMERO,CHAFIRAS (LAS),38.0,1.419,1.599,San Miguel de Abona
2026-04-15,PLENERGY,CHAFIRAS (LAS),38.0,1.335,1.519,San Miguel de Abona
2026-04-15,MOEVE,CHAFIRAS (LAS),38.0,1.419,1.634,San Miguel de Abona
2026-04-15,PCAN,CHAFIRAS (LAS),38.0,1.418,1.598,San Miguel de Abona
2026-04-15,DISA MUELLE GOMERA,SAN SEBASTIAN DE LA GOMERA,38.0,1.669,1.859,San Sebastián de la Gomera
2026-04-15,SAN SEBASTIAN,SAN SEBASTIAN DE LA GOMERA,38.0,1.669,1.859,San Sebastián de la Gomera
2026-04-15,BP BAJAMAR,SANTA CRUZ DE LA PALMA,38.0,1.579,,Santa Cruz de la Palma
2026-04-15,DISA,SANTA CRUZ DE LA PALMA,38.0,1.569,1.599,Santa Cruz de la Palma
2026-04-15,PLENERGY,SANTA CRUZ DE LA PALMA,38.0,1.475,1.499,Santa Cruz de la Palma
2026-04-15,CEPSA,SANTA CRUZ DE TENERIFE,38.0,1.479,1.674,Santa Cruz de Tenerife
2026-04-15,DISA BALNEARIO II,SANTA CRUZ DE TENERIFE,38.0,1.505,1.679,Santa Cruz de Tenerife
2026-04-15,DISA TRES DE MAYO,SANTA CRUZ DE TENERIFE,38.0,1.475,1.659,Santa Cruz de Tenerife
2026-04-15,BP CRUZ DEL SEÑOR,SANTA CRUZ DE TENERIFE,38.0,1.475,1.659,Santa Cruz de Tenerife
2026-04-15,DISA ARACAYU,SANTA CRUZ DE TENERIFE,38.0,1.475,1.649,Santa Cruz de Tenerife
2026-04-15,DISA FOMENTO,SANTA CRUZ DE TENERIFE,38.0,1.545,1.729,Santa Cruz de Tenerife
2026-04-15, BP AVENIDA 3 DE MAYO,SANTA CRUZ DE TENERIFE,38.0,1.475,1.659,Santa Cruz de Tenerife
2026-04-15,DISA VIA PENETRACION,SANTA CRUZ DE TENERIFE,38.0,1.475,1.659,Santa Cruz de Tenerife
2026-04-15,E.S.SHELL OFRA,SANTA CRUZ DE TENERIFE,38.0,1.465,1.635,Santa Cruz de Tenerife
2026-04-15,SHELL EL RAMONAL,SANTA CRUZ DE TENERIFE,38.0,1.475,1.649,Santa Cruz de Tenerife
2026-04-15,DISA TIO PINO,SANTA CRUZ DE TENERIFE,38.0,1.475,1.649,Santa Cruz de Tenerife
2026-04-15,"CANARY OIL, S.L.",SANTA CRUZ DE TENERIFE,38.0,1.289,1.469,Santa Cruz de Tenerife
2026-04-15,DISA LAS DELICIAS,SANTA CRUZ DE TENERIFE,38.0,1.485,1.665,Santa Cruz de Tenerife
2026-04-15,DISA EL MAYORAZGO,SANTA CRUZ DE TENERIFE,38.0,1.455,1.639,Santa Cruz de Tenerife
2026-04-15,TGAS-TU TRÉBOL,SANTA CRUZ DE TENERIFE,38.0,1.328,1.48,Santa Cruz de Tenerife
2026-04-15,DISA CUEVAS BLANCAS,SANTA CRUZ DE TENERIFE,38.0,1.495,1.649,Santa Cruz de Tenerife
2026-04-15,MOEVE,SANTA CRUZ DE TENERIFE,38.0,1.439,1.624,Santa Cruz de Tenerife
2026-04-15,DISA BARRANCO GRANDE,SANTA CRUZ DE TENERIFE,38.0,1.475,1.649,Santa Cruz de Tenerife
2026-04-15,DISA EL SOBRADILLO,SANTA CRUZ DE TENERIFE,38.0,1.465,1.649,Santa Cruz de Tenerife
2026-04-15,DISA TACO,SANTA CRUZ DE TENERIFE,38.0,1.475,1.649,Santa Cruz de Tenerife
2026-04-15, BP TACO,SANTA CRUZ DE TENERIFE,38.0,1.475,1.659,Santa Cruz de Tenerife
2026-04-15,REPSOL,SANTA CRUZ DE TENERIFE,38.0,1.489,1.669,Santa Cruz de Tenerife
2026-04-15,GMOIL,SANTA CRUZ DE TENERIFE,38.0,1.319,1.489,Santa Cruz de Tenerife
2026-04-15,DISA BALNEARIO I,SANTA CRUZ DE TENERIFE,38.0,1.505,1.679,Santa Cruz de Tenerife
2026-04-15,DISA NAUTICO,SANTA CRUZ DE TENERIFE,38.0,1.515,1.699,Santa Cruz de Tenerife
2026-04-15,DISA EL CHORRILLO,EL ROSARIO,38.0,1.465,1.649,Santa Cruz de Tenerife
2026-04-15,REPSOL,SANTA URSULA,38.0,1.447,1.645,Santa Úrsula
2026-04-15,SHELL SANTA URSULA,SANTA URSULA,38.0,1.475,1.689,Santa Úrsula
2026-04-15,CEPSA,SANTIAGO DEL TEIDE,38.0,1.469,1.56,Santiago del Teide
2026-04-15,DISA,TAMAIMO,38.0,1.479,1.592,Santiago del Teide
2026-04-15,DISA BAJADA A LOS GIGANTES,SANTIAGO DEL TEIDE,38.0,1.525,1.659,Santiago del Teide
2026-04-15,REPSOL,EL SAUZAL,38.0,1.469,1.659,Sauzal (El)
2026-04-15,CEPSA,EL SAUZAL,38.0,1.449,1.639,Sauzal (El)
2026-04-15,BP EL SAUZAL,EL SAUZAL,38.0,1.475,1.659,Sauzal (El)
2026-04-15,DISA EL SAUZAL,EL SAUZAL,38.0,1.505,1.665,Sauzal (El)
2026-04-15,DISA RAVELO,RAVELO,38.0,1.495,1.629,Sauzal (El)
2026-04-15,DISA LOS SILOS,"SILOS, LOS",38.0,1.505,1.689,Silos (Los)
2026-04-15,CEPSA AGUA GARCIA,TACORONTE,38.0,1.449,1.644,Tacoronte
2026-04-15,MOEVE LOS NARANJEROS,TACORONTE,38.0,1.449,1.654,Tacoronte
2026-04-15,DISA TACORONTE,TACORONTE,38.0,1.505,1.659,Tacoronte
2026-04-15,TGAS TACORONTE,TACORONTE,38.0,1.438,1.598,Tacoronte
2026-04-15,BP,TACORONTE,38.0,1.459,1.639,Tacoronte
2026-04-15,MOEVE,TACORONTE,38.0,1.449,1.654,Tacoronte
2026-04-15,REPSOL,EL TANQUE,38.0,1.409,1.599,Tanque (El)
2026-04-15,SHELL,TAZACORTE,38.0,1.695,1.619,Tazacorte
2026-04-15,BP TEGUESTE,TEGUESTE CENTRO,38.0,1.475,1.659,Tegueste
2026-04-15,TGAS TEGUESTE,TEGUESTE CENTRO,38.0,1.525,1.695,Tegueste
2026-04-15,DISA EL SOCORRO,SOCORRO (EL),38.0,1.545,1.659,Tegueste
2026-04-15,DISA VALLE GRAN REY,CALERA (LA),38.0,1.669,1.859,Valle Gran Rey
2026-04-15,DISA VALLEHERMOSO,VALLEHERMOSO,38.0,1.669,1.859,Vallehermoso
2026-04-15,ESTACION  SERVICIO CHIPUDE,CHIPUDE,38.0,1.659,1.859,Vallehermoso
2026-04-15,DISA VALVERDE,VALVERDE DEL HIERRO,38.0,1.619,1.749,Valverde
2026-04-15,SHELL LA VICTORIA,VICTORIA DE ACENTEJO (LA),38.0,1.515,1.659,Victoria de Acentejo (La)
2026-04-15,DISA,VILAFLOR,38.0,1.495,1.669,Vilaflor
2026-04-15,DISA,LODERO,38.0,1.699,1.623,Villa de Mazo
2026-04-16,DISA AGAETE,,,1.489,1.639,Agaete
2026-04-16,SHELL AGAETE,,,1.489,1.639,Agaete
2026-04-16,"REPSOL OPER CANARIOS  S,L.",,,1.429,1.587,Agüimes
2026-04-16,DISA AGUIMES,,,1.475,1.649,Agüimes
2026-04-16,DISA AUTOPISTA KM 21,,,1.555,1.729,Agüimes
2026-04-16,BP KM 13 CRUCE ARINAGA,,,1.439,1.597,Agüimes
2026-04-16,PLENERGY,,,1.379,1.489,Agüimes
2026-04-16,REPSOL,,,1.469,1.639,Agüimes
2026-04-16,DISA BALOS,,,1.465,1.639,Agüimes
2026-04-16,OCÉANO,,,1.419,1.539,Agüimes
2026-04-16,CANARY OIL,,,1.379,1.489,Agüimes
2026-04-16,CEPSA,,,1.429,1.634,Agüimes
2026-04-16,MOEVE,,,1.429,1.634,Agüimes
2026-04-16,PETROPRIX,,,1.369,1.489,Agüimes
2026-04-16,SHELL ARINAGA,,,1.555,1.729,Agüimes
2026-04-16,DISA AUT.ARINAGA,,,1.525,1.699,Agüimes
2026-04-16,REPSOL LA ALDEA,,,1.505,1.689,Aldea de San Nicolás (La)
2026-04-16,DISA LA ALDEA,,,1.505,1.689,Aldea de San Nicolás (La)
2026-04-16,PLENERGY,,,1.359,1.479,Antigua
2026-04-16,DISA EL MATORRAL,,,1.445,1.569,Antigua
2026-04-16,CEPSA ANTIGUA,,,1.439,1.584,Antigua
2026-04-16,BP CALETA DE FUSTE,,,1.459,1.599,Antigua
2026-04-16,PETROPRIX,,,1.359,1.479,Antigua
2026-04-16,DISA LOS MARMOLES,,,1.485,1.655,Arrecife
2026-04-16,DISA NUEVA AEROPUERTO,,,1.485,1.655,Arrecife
2026-04-16,DISA CIRCUNVALACION I,,,1.485,1.655,Arrecife
2026-04-16,DISA CIRCUNVALACION II,,,1.485,1.655,Arrecife
2026-04-16,SHELL ARRECIFE I,,,1.449,1.609,Arrecife
2026-04-16,REPSOL,,,1.469,1.649,Arrecife
2026-04-16,MOEVE,,,1.469,1.654,Arrecife
2026-04-16,DISA,,,1.487,1.657,Arrecife
2026-04-16,PLENERGY,,,1.365,1.535,Arrecife
2026-04-16,BP,,,1.469,1.639,Arrecife
2026-04-16,SHELL FLICK LANZAROTE,,,1.505,1.675,Arrecife
2026-04-16,DISA VALTERRA,,,1.505,1.675,Arrecife
2026-04-16,DISA ARRECIFE,,,1.505,1.675,Arrecife
2026-04-16,DISA AEROPUERTO,,,1.485,1.655,Arrecife
2026-04-16,SHELL ARRECIFE II,,,1.449,1.609,Arrecife
2026-04-16,ES ARTENARA,,,1.479,1.649,Artenara
2026-04-16,DISA ARUCAS,,,1.475,1.659,Arucas
2026-04-16,BP LAS VEGAS,,,1.479,1.659,Arucas
2026-04-16,E.S. SHELL AUTOVÍA  ARUCAS,,,1.459,1.649,Arucas
2026-04-16,SHELL NUEVA ARUCAS,,,1.475,1.659,Arucas
2026-04-16,MOEVE  LOS PORTALES,,,1.469,1.649,Arucas
2026-04-16,BP SANTIDAD,,,1.479,1.659,Arucas
2026-04-16,REPSOL,,,1.47,1.649,Arucas
2026-04-16,MOEVE,,,1.449,1.664,Arucas
2026-04-16,"CEPSA OPER CANARIOS  S,L.",,,1.449,1.664,Arucas
2026-04-16,DISA BAÑADEROS,,,1.495,1.659,Arucas
2026-04-16,CEPSA,,,1.469,1.639,Firgas
2026-04-16,SHELL GALDAR,,,1.485,1.639,Gáldar
2026-04-16,"CANARY OIL, S.L.",,,1.359,1.489,Gáldar
2026-04-16,TGAS SARDINA DEL NORTE,,,1.475,1.629,Gáldar
2026-04-16,PETROPRIX,,,1.359,1.489,Gáldar
2026-04-16,REPSOL ,,,1.485,1.639,Gáldar
2026-04-16,TGAS HARÍA,,,1.459,1.629,Haría
2026-04-16,PCAN ARRIETA,,,1.399,1.549,Haría
2026-04-16,PETROPRIX,,,1.359,1.489,Ingenio
2026-04-16,PLENERGY,,,1.359,1.489,Ingenio
2026-04-16,MOEVE INGENIO,,,1.399,1.599,Ingenio
2026-04-16,DISA NUEVO INGENIO,,,1.485,1.659,Ingenio
2026-04-16,SHELL INGENIO,,,1.485,1.659,Ingenio
2026-04-16,BP EL CARRIZAL,,,1.475,1.659,Ingenio
2026-04-16,DISA CARRIZAL,,,1.465,1.639,Ingenio
2026-04-16,OCÉANO EL CARRIZAL,,,1.409,1.539,Ingenio
2026-04-16,"SANTANA DOMINGUEZ, S.L.",,,1.32,1.485,Ingenio
2026-04-16,DISA MOGAN,,,1.515,1.669,Mogán
2026-04-16,"PUERTO RICO, S.A",,,1.459,1.579,Mogán
2026-04-16,PCAN,,,1.449,1.629,Mogán
2026-04-16,BP ARGUINEGUIN,,,1.475,1.659,Mogán
2026-04-16,SHELL PUERTO RICO,,,1.495,1.669,Mogán
2026-04-16,"CANARY GREEN CORNER, SL",,,1.396,1.539,Moya
2026-04-16,H2EXAGON NORTE,,,1.359,1.489,Moya
2026-04-16,BP MOYA,,,1.475,1.659,Moya
2026-04-16,BP KM 13 - 1 (SAN ANDRES),,,1.457,1.597,Moya
2026-04-16,DISA LA OLIVA,,,1.505,1.615,Oliva (La)
2026-04-16,DISA CORRALEJO,,,1.505,1.615,Oliva (La)
2026-04-16,H2GO CORRALEJO,,,1.449,1.595,Oliva (La)
2026-04-16,DISA COSTA CALMA,,,1.495,1.619,Pájara
2026-04-16,CEPSA,,,1.469,1.614,Pájara
2026-04-16,SHELL JANDIA,,,1.485,1.619,Pájara
2026-04-16,H2GO MORRO JABLE,,,1.449,1.595,Pájara
2026-04-16,E.S. DISA VEGUETA,,,1.459,1.649,Palmas de Gran Canaria (Las)
2026-04-16,SHELL VEGUETA,,,1.495,1.659,Palmas de Gran Canaria (Las)
2026-04-16,MOEVE,,,1.449,1.664,Palmas de Gran Canaria (Las)
2026-04-16,REPSOL,,,1.469,1.649,Palmas de Gran Canaria (Las)
2026-04-16,BP SAN LORENZO,,,1.475,1.659,Palmas de Gran Canaria (Las)
2026-04-16,CEPSA,,,1.449,1.664,Palmas de Gran Canaria (Las)
2026-04-16,BP SAN JOSE,,,1.475,1.659,Palmas de Gran Canaria (Las)
2026-04-16,DISA SAN JOSE,,,1.495,1.669,Palmas de Gran Canaria (Las)
2026-04-16,SHELL MERCALASPALMAS,,,1.475,1.649,Palmas de Gran Canaria (Las)
2026-04-16,DISA EL SEBADAL,,,1.515,1.695,Palmas de Gran Canaria (Las)
2026-04-16,BP PUERTO DE LA LUZ,,,1.474,1.668,Palmas de Gran Canaria (Las)
2026-04-16,DISA PUERTO DE LA LUZ,,,1.485,1.665,Palmas de Gran Canaria (Las)
2026-04-16,PETROPRIX,,,1.385,1.565,Palmas de Gran Canaria (Las)
2026-04-16,BP CIDELMAR,,,1.475,1.659,Palmas de Gran Canaria (Las)
2026-04-16,SHELL TOMAS MORALES,,,1.475,1.659,Palmas de Gran Canaria (Las)
2026-04-16,MOEVE PLAZA DEL PINO,,,1.449,1.629,Palmas de Gran Canaria (Las)
2026-04-16,PLENERGY,,,1.359,1.459,Palmas de Gran Canaria (Las)
2026-04-16,"CANARY OIL, S.L.",,,1.359,1.459,Palmas de Gran Canaria (Las)
2026-04-16,BP COOPERATIVA TAXIS S. CRISTOBAL,,,1.475,1.649,Palmas de Gran Canaria (Las)
2026-04-16,MOEVE HOYA PARRADO,,,1.439,1.629,Palmas de Gran Canaria (Las)
2026-04-16,DISA TAFIRA,,,1.465,1.639,Palmas de Gran Canaria (Las)
2026-04-16,DISA TARAHALES I,,,1.465,1.649,Palmas de Gran Canaria (Las)
2026-04-16,E.S. DISA MILLER BAJO,,,1.459,1.649,Palmas de Gran Canaria (Las)
2026-04-16,SHELL REHOYAS,,,1.475,1.659,Palmas de Gran Canaria (Las)
2026-04-16,BP LA PATERNA,,,1.474,1.658,Palmas de Gran Canaria (Las)
2026-04-16,DISA JUAN XXIII,,,1.475,1.659,Palmas de Gran Canaria (Las)
2026-04-16,BP CIUDAD JARDIN (CAN),,,1.475,1.659,Palmas de Gran Canaria (Las)
2026-04-16,DISA CHIL,,,1.485,1.669,Palmas de Gran Canaria (Las)
2026-04-16,H2EXAGON LAS TORRES,,,1.32,1.489,Palmas de Gran Canaria (Las)
2026-04-16,BP LOMO LOS FRAILES,,,1.475,1.659,Palmas de Gran Canaria (Las)
2026-04-16,BP TAMARACEITE II,,,1.475,1.659,Palmas de Gran Canaria (Las)
2026-04-16,BP GUANARTEME,,,1.475,1.659,Palmas de Gran Canaria (Las)
2026-04-16,DISA ALCARAVANERAS,,,1.485,1.655,Palmas de Gran Canaria (Las)
2026-04-16,E.S. SHELL SCHAMANN,,,1.459,1.649,Palmas de Gran Canaria (Las)
2026-04-16,DISA EL DRAGON,,,1.475,1.659,Palmas de Gran Canaria (Las)
2026-04-16,DISA ESCALERITAS,,,1.475,1.659,Palmas de Gran Canaria (Las)
2026-04-16,H2EXAGON ESCALERITAS,,,1.369,1.469,Palmas de Gran Canaria (Las)
2026-04-16,BP ALTAVISTA,,,1.475,1.659,Palmas de Gran Canaria (Las)
2026-04-16,BP BARRANQUILLO TAXISTAS SAN CRISTOBAL,,,1.475,1.649,Palmas de Gran Canaria (Las)
2026-04-16,DISA ALMATRICHE,,,1.479,1.707,Palmas de Gran Canaria (Las)
2026-04-16,DISA TAMARACEITE,,,1.475,1.659,Palmas de Gran Canaria (Las)
2026-04-16,CEPSA LA MARINA,,,1.459,1.549,Palmas de Gran Canaria (Las)
2026-04-16,DISA RIO CABRAS,,,1.445,1.599,Puerto del Rosario
2026-04-16,DISA  EL CHARCO,,,1.445,1.599,Puerto del Rosario
2026-04-16,DISA SECUNDINO ALONSO,,,1.455,1.609,Puerto del Rosario
2026-04-16,BP LA HONDURA,,,1.437,1.567,Puerto del Rosario
2026-04-16,MERCASOSA,,,1.42,1.545,Puerto del Rosario
2026-04-16,DISA,,,1.42,1.545,Puerto del Rosario
2026-04-16,CEPSA PUERTO ROSARIO,,,1.439,1.594,Puerto del Rosario
2026-04-16,REPSOL,,,1.459,1.599,Puerto del Rosario
2026-04-16,PCAN GIL,,,1.419,1.544,Puerto del Rosario
2026-04-16,H2GO MUELLE CHICO,,,1.449,1.595,Puerto del Rosario
2026-04-16,MOEVE,,,1.439,1.594,Puerto del Rosario
2026-04-16,DISA,,,1.449,1.619,San Bartolomé
2026-04-16,REPSOL,,,1.485,1.655,San Bartolomé
2026-04-16,DISA MASPALOMAS,,,1.475,1.649,San Bartolomé de Tirajana
2026-04-16,MOEVE MASPALOMAS,,,1.449,1.654,San Bartolomé de Tirajana
2026-04-16,PETROPRIX,,,1.349,1.549,San Bartolomé de Tirajana
2026-04-16,REPSOL,,,1.459,1.649,San Bartolomé de Tirajana
2026-04-16,DISA FATAGA,,,1.475,1.648,San Bartolomé de Tirajana
2026-04-16,SHELL JUAN GRANDE,,,1.475,1.659,San Bartolomé de Tirajana
2026-04-16,CEPSA JUAN GRANDE,,,1.449,1.654,San Bartolomé de Tirajana
2026-04-16,DISA ,,,1.504,1.65,San Bartolomé de Tirajana
2026-04-16,CEPSA TAXISTAS S.AGUSTIN,,,1.449,1.654,San Bartolomé de Tirajana
2026-04-16,SHELL MASPALOMAS,,,1.475,1.655,San Bartolomé de Tirajana
2026-04-16,BP EL VERIL,,,1.475,1.659,San Bartolomé de Tirajana
2026-04-16,BP SANTA BRIGIDA,,,1.485,1.659,Santa Brígida
2026-04-16,SHELL VECINDARIO,,,1.505,1.679,Santa Lucía de Tirajana
2026-04-16,DISA,,,1.462,1.634,Santa Lucía de Tirajana
2026-04-16,MOEVE POZO IZQUIERDO,,,1.399,1.589,Santa Lucía de Tirajana
2026-04-16,BP EL TARO,,,1.456,1.648,Santa Lucía de Tirajana
2026-04-16,SHELL SANTA LUCIA,,,1.505,1.679,Santa Lucía de Tirajana
2026-04-16,OCÉANO SARDINA SUR,,,1.379,1.599,Santa Lucía de Tirajana
2026-04-16,REPSOL,,,1.499,1.649,Santa Lucía de Tirajana
2026-04-16,BP DOCTORAL,,,1.489,1.659,Santa Lucía de Tirajana
2026-04-16,ESTACION DE SERVICIO P44,,,1.429,1.634,Santa Lucía de Tirajana
2026-04-16,DISA GUIA,,,1.485,1.639,Santa María de Guía de Gran Canaria
2026-04-16,BP GUIA,,,1.475,1.659,Santa María de Guía de Gran Canaria
2026-04-16,MOEVE,,,1.469,1.664,Santa María de Guía de Gran Canaria
2026-04-16,REPSOL,,,1.475,1.629,Santa María de Guía de Gran Canaria
2026-04-16,PLENERGY,,,1.379,1.489,Santa María de Guía de Gran Canaria
2026-04-16,CEPSA,,,1.465,1.635,Teguise
2026-04-16,DISA COSTA TEGUISE,,,1.485,1.639,Teguise
2026-04-16,DISA TEGUISE GOLF,,,1.485,1.639,Teguise
2026-04-16,CEPSA TAHICHE I,,,1.465,1.643,Teguise
2026-04-16,CEPSA TAHICHE II,,,1.465,1.643,Teguise
2026-04-16,DISA TEJEDA,,,1.479,1.649,Tejeda
2026-04-16,REPSOL,,,1.469,1.649,Telde
2026-04-16,DISA TAXITEL,,,1.475,1.659,Telde
2026-04-16,CEPSA EL CUBILLO,,,1.439,1.629,Telde
2026-04-16,DISA PUNTO FIELATO,,,1.485,1.669,Telde
2026-04-16,SHELL TELDE,,,1.485,1.669,Telde
2026-04-16,DISA CRUCE DE MELENARA,,,1.475,1.659,Telde
2026-04-16,DISA EL ROQUE,,,1.485,1.669,Telde
2026-04-16,MOEVE,,,1.439,1.644,Telde
2026-04-16,H2EXAGON JINAMAR,,,1.387,1.489,Telde
2026-04-16,DISA JINAMAR,,,1.475,1.649,Telde
2026-04-16,BP CRUZ DE LA GALLINA LOMO LA FRANCIA,,,1.459,1.649,Telde
2026-04-16,BP JINAMAR,,,1.475,1.659,Telde
2026-04-16,BP LAS TERRAZAS,,,1.475,1.659,Telde
2026-04-16,DISA LA PARDILLA,,,1.455,1.639,Telde
2026-04-16,DISA BOCABARRANCO,,,1.455,1.639,Telde
2026-04-16,OCÉANO,,,1.36,1.54,Telde
2026-04-16,BP LA GARITA,,,1.439,1.629,Telde
2026-04-16,DISA CUATRO PUERTAS,,,1.475,1.656,Telde
2026-04-16,"CANARY OIL, S.L.",,,1.337,1.477,Telde
2026-04-16,CEPSA OJOS DE GARZA,,,1.449,1.639,Telde
2026-04-16,"CEPSA OPER CANARIOS S,L.",,,1.439,1.629,Telde
2026-04-16,FAST FUEL GORO,,,1.337,1.477,Telde
2026-04-16,PETROPRIX,,,1.369,1.479,Telde
2026-04-16,BP CRUCE DE MELENARA,,,1.475,1.659,Telde
2026-04-16,BP EL CALERO,,,1.475,1.659,Telde
2026-04-16,DISA TEROR,,,1.505,1.669,Teror
2026-04-16,MOEVE,,,1.469,1.664,Teror
2026-04-16,PCAN,,,1.436,1.639,Tías
2026-04-16,SPL,,,1.485,1.655,Tías
2026-04-16,DISA PUERTO DEL CARMEN,,,1.469,1.625,Tías
2026-04-16,CEPSA,,,1.409,1.614,Tías
2026-04-16,DISA MACHER,,,1.439,1.648,Tías
2026-04-16,MOEVE TINAJO,,,1.449,1.649,Tinajo
2026-04-16,SANTANA DOMINGUEZ,,,1.32,1.555,Tuineje
2026-04-16,CEPSA GRAN TARAJAL,,,1.439,1.594,Tuineje
2026-04-16,DISA EL CARACOL,,,1.475,1.599,Tuineje
2026-04-16,BP VALLESECO,,,1.479,1.659,Valleseco
2026-04-16,CEPSA LOS ALMENDROS,,,1.439,1.569,Valsequillo de Gran Canaria
2026-04-16,DISA ,,,1.439,1.664,Valsequillo de Gran Canaria
2026-04-16,SHELL SAN MATEO,,,1.475,1.659,Vega de San Mateo
2026-04-16,REPSOL SAN MATEO,,,1.457,1.657,Vega de San Mateo
2026-04-16,E.S.DISA YAIZA,,,1.519,1.759,Yaiza
2026-04-16,COMBUSTIBLES CANARIOS,,,1.449,1.619,Yaiza
2026-04-16,REPSOL,,,1.455,1.705,Yaiza
2026-04-16,ESTACION PLAYA BLANCA,,,1.449,1.649,Yaiza
2026-04-16,MARINA RUBICON,,,1.419,1.619,Yaiza
2026-04-16,GMOIL,,,1.339,1.489,Adeje
2026-04-16,BP COOP SAN SEBASTIAN,,,1.475,1.659,Adeje
2026-04-16,BP LA ATALAYA,,,1.474,1.658,Adeje
2026-04-16,SHELL,,,1.474,1.658,Adeje
2026-04-16,TGAS-TU TRÉBOL,,,1.356,1.48,Adeje
2026-04-16,PLENERGY,,,1.349,1.489,Adeje
2026-04-16,REPSOL,,,1.474,1.658,Adeje
2026-04-16,DISA FAÑABE,,,1.475,1.649,Adeje
2026-04-16,DISA,,,1.518,1.645,Adeje
2026-04-16,BP SIAM MALL,,,1.475,1.659,Adeje
2026-04-16,DISA TIJOCO,,,1.555,1.729,Adeje
2026-04-16,MOEVE,,,1.469,1.644,Adeje
2026-04-16,H2GO MAXO ARMEÑIME,,,1.455,1.649,Adeje
2026-04-16,OCÉANO PLAYA SANTIAGO,,,1.669,1.859,Alajeró
2026-04-16,H2EXAGON ARAFO,,,1.357,1.499,Arafo
2026-04-16,BP POLIGONO GUIMAR,,,1.475,1.659,Arafo
2026-04-16,PLENERGY,,,1.347,1.489,Arafo
2026-04-16,CEPSA,,,1.439,1.644,Arafo
2026-04-16,REPSOL,,,1.479,1.649,Arafo
2026-04-16,TGAS LA HIDALGA,,,1.439,1.629,Arafo
2026-04-16,CEPSA,,,1.419,1.599,Arico
2026-04-16,DISA,,,1.439,1.624,Arico
2026-04-16,REPSOL,,,1.439,1.634,Arico
2026-04-16,ESTACIÓN ABADES KM 44,,,1.436,1.649,Arico
2026-04-16,REPSOL,,,1.459,1.629,Arona
2026-04-16,BP GUAZA,,,1.474,1.658,Arona
2026-04-16,SHELL ARONA,,,1.465,1.649,Arona
2026-04-16,BP TEN BEL,,,1.449,1.629,Arona
2026-04-16,CEPSA,,,1.449,1.624,Arona
2026-04-16,TGAS LAS GALLETAS,,,1.449,1.639,Arona
2026-04-16,TGAS ARONA,,,1.44,1.59,Arona
2026-04-16,MOEVE LLANO AZUL,,,1.449,1.614,Arona
2026-04-16,DISA,,,1.449,1.624,Arona
2026-04-16,BP CABO BLANCO,,,1.484,1.658,Arona
2026-04-16,BP LOS CRISTIANOS,,,1.475,1.659,Arona
2026-04-16,BP PLAYA LAS AMERICAS,,,1.475,1.659,Arona
2026-04-16,CEPSA COSTA DEL SILENCIO,,,1.419,1.614,Arona
2026-04-16,SHELL,,,1.599,1.599,Barlovento
2026-04-16,DISA,,,1.699,1.723,Breña Alta
2026-04-16,SHELL,,,1.695,1.719,Breña Alta
2026-04-16,MOEVE,,,1.622,1.599,Breña Alta
2026-04-16,DISA,,,1.505,1.689,Buenavista del Norte
2026-04-16,DISA CANDELARIA,,,1.475,1.649,Candelaria
2026-04-16,DISA LAS CALETILLAS,,,1.559,1.699,Candelaria
2026-04-16,TGAS,,,1.559,1.699,Candelaria
2026-04-16,PCAN,,,1.468,1.648,Candelaria
2026-04-16,CEPSA,,,1.439,1.654,Fasnia
2026-04-16,DISA,,,1.479,1.639,Fasnia
2026-04-16,REPSOL,,,1.469,1.649,Fasnia
2026-04-16,DISA EL PINAR,,,1.619,1.749,Frontera
2026-04-16,DISA FRONTERA,,,1.619,1.749,Frontera
2026-04-16,"DEL VALLE COMBUSTIBLES, S.L.",,,1.551,1.678,Frontera
2026-04-16,PCAN,,,1.549,1.598,Fuencaliente de la Palma
2026-04-16,E.S. LA CALETA,,,1.459,1.649,Garachico
2026-04-16,TGAS GARAFÍA,,,1.695,1.65,Garafía
2026-04-16,REPSOL,,,1.469,1.639,Granadilla de Abona
2026-04-16,BP AEROPUERTO REINA SOFIA,,,1.475,1.659,Granadilla de Abona
2026-04-16,PCAN,,,1.436,1.629,Granadilla de Abona
2026-04-16,DISA GRANADILLA,,,1.505,1.675,Granadilla de Abona
2026-04-16,CEPSA LOS LLANOS (MOEVE) - GRANADILLA,,,1.439,1.594,Granadilla de Abona
2026-04-16,MOEVE,,,1.449,1.639,Granadilla de Abona
2026-04-16,DISA SAN ISIDRO,,,1.485,1.659,Granadilla de Abona
2026-04-16,TGAS EL MÉDANO,,,1.459,1.634,Granadilla de Abona
2026-04-16,TGAS SANTA CATALINA,,,1.397,1.597,Guancha (La)
2026-04-16,PCAN,,,1.436,1.629,Guancha (La)
2026-04-16,DISA           STO DOMINGO,,,1.409,1.539,Guancha (La)
2026-04-16,CEPSA,,,1.429,1.614,Guía de Isora
2026-04-16,DISA,,,1.499,1.599,Guía de Isora
2026-04-16,SHELL,,,1.499,1.599,Guía de Isora
2026-04-16,E.S. CEPSA CHIO,,,1.479,1.609,Guía de Isora
2026-04-16,DISA PLAYA SAN JUAN,,,1.495,1.629,Guía de Isora
2026-04-16,PCAN,,,1.439,1.649,Guía de Isora
2026-04-16,DISA PUERTITO,,,1.439,1.644,Güímar
2026-04-16,MOEVE,,,1.439,1.644,Güímar
2026-04-16,DISA GÜIMAR,,,1.475,1.649,Güímar
2026-04-16,OCÉANO,,,1.347,1.599,Güímar
2026-04-16,SHELL GUIMAR,,,1.439,1.644,Güímar
2026-04-16,EL ESCOBONAL,,,1.469,1.639,Güímar
2026-04-16,DISA HERMIGUA,,,1.669,1.859,Hermigua
2026-04-16,DISA ICOD DE LOS VINOS,,,1.469,1.669,Icod de los Vinos
2026-04-16,SHELL ICOD DE LOS VINOS,,,1.489,1.689,Icod de los Vinos
2026-04-16,CEPSA,,,1.459,1.664,Icod de los Vinos
2026-04-16,RED DE COMBUSTIBLES CANARIOS,,,1.369,1.499,Icod de los Vinos
2026-04-16,BP LOS LLANOS,,,1.635,,Llanos de Aridane (Los)
2026-04-16,DISA ,,,1.695,1.719,Llanos de Aridane (Los)
2026-04-16,SHELL,,,1.695,1.719,Llanos de Aridane (Los)
2026-04-16,DISA LA MATANZA,,,1.515,1.659,Matanza de Acentejo (La)
2026-04-16,DISA EL BOHIO,,,1.498,1.686,Matanza de Acentejo (La)
2026-04-16,SHELL ACENTEJO,,,1.515,1.659,Matanza de Acentejo (La)
2026-04-16,DISA,,,1.419,1.599,Orotava (La)
2026-04-16,CEPSA LA CAÑADA,,,1.419,1.619,Orotava (La)
2026-04-16,BP EL RAMAL,,,1.475,1.659,Orotava (La)
2026-04-16,REPSOL BARROSO,,,1.499,1.659,Orotava (La)
2026-04-16,PLENERGY,,,1.395,1.559,Orotava (La)
2026-04-16,BP EL TROMPO,,,1.475,1.659,Orotava (La)
2026-04-16,REPSOL,,,1.459,1.659,Orotava (La)
2026-04-16,SHELL LA PERDOMA,,,1.475,1.659,Orotava (La)
2026-04-16,DISA,,,1.695,1.719,Paso (El)
2026-04-16,SHELL,,,1.695,1.669,Paso (El)
2026-04-16,SHELL EL AGUILA,,,1.495,1.659,Puerto de la Cruz
2026-04-16,CEPSA PUERTO DE LA CRUZ,,,1.429,1.619,Puerto de la Cruz
2026-04-16,BP PUERTO DE LA CRUZ,,,1.475,1.659,Puerto de la Cruz
2026-04-16,SHELL,,,1.485,1.639,Puerto de la Cruz
2026-04-16,DISA,,,1.485,1.639,Puerto de la Cruz
2026-04-16,REPSOL,,,1.55,1.65,Puntagorda
2026-04-16,SHELL PUNTALLANA,,,1.599,1.689,Puntallana
2026-04-16,SHELL LAS DEHESAS,,,1.495,1.659,Realejos (Los)
2026-04-16,SHELL LOS REALEJOS,,,1.485,1.645,Realejos (Los)
2026-04-16,TGAS LA GORVORANA,,,1.469,1.659,Realejos (Los)
2026-04-16,DISA LOS BARROS,,,1.485,1.639,Realejos (Los)
2026-04-16,CEPSA,,,1.438,1.669,Realejos (Los)
2026-04-16,EESS OCÉANO  LA AZADILLA,,,1.425,1.595,Realejos (Los)
2026-04-16,PCAN,,,1.428,1.598,Realejos (Los)
2026-04-16,PETROPRIX,,,1.385,1.555,Realejos (Los)
2026-04-16,OCÉANO LOS REALEJOS,,,1.425,1.575,Realejos (Los)
2026-04-16,ESTACION DE SERVICIOS EL MIRADOR,,,1.419,1.629,Realejos (Los)
2026-04-16,REPSOL,,,1.454,1.699,Realejos (Los)
2026-04-16,DISA,,,1.475,1.645,Realejos (Los)
2026-04-16,TGAS EL ROSARIO,,,1.449,1.629,Rosario (El)
2026-04-16,CEPSA,,,1.439,1.634,Rosario (El)
2026-04-16,PCAN,,,1.436,1.638,Rosario (El)
2026-04-16,MOEVE,,,1.622,1.599,San Andrés y Sauces
2026-04-16,DISA,,,1.599,1.599,San Andrés y Sauces
2026-04-16,SHELL LA LAGUNA,,,1.465,1.645,San Cristóbal de La Laguna
2026-04-16,REPSOL,,,1.439,1.634,San Cristóbal de La Laguna
2026-04-16,ES TAXLAGUNA ,,,1.42,1.583,San Cristóbal de La Laguna
2026-04-16,BP E.S. LAS CANTERAS S.L.,,,1.468,1.648,San Cristóbal de La Laguna
2026-04-16,PCAN,,,1.388,1.598,San Cristóbal de La Laguna
2026-04-16,DISA VISTABELLA,,,1.475,1.649,San Cristóbal de La Laguna
2026-04-16,DISA OFRA,,,1.475,1.659,San Cristóbal de La Laguna
2026-04-16,OCÉANO TACO,,,1.299,1.499,San Cristóbal de La Laguna
2026-04-16,TGAS LOS BALDÍOS,,,1.469,1.659,San Cristóbal de La Laguna
2026-04-16,BP TEJINA,,,1.475,1.659,San Cristóbal de La Laguna
2026-04-16,DISA TEJINA,,,1.545,1.665,San Cristóbal de La Laguna
2026-04-16,DISA BAJAMAR,,,1.545,1.665,San Cristóbal de La Laguna
2026-04-16,OCÉANO,,,1.359,1.599,San Cristóbal de La Laguna
2026-04-16,DISA LAS CHUMBERAS,,,1.449,1.635,San Cristóbal de La Laguna
2026-04-16,DISA LOS MAJUELOS,,,1.455,1.641,San Cristóbal de La Laguna
2026-04-16,CEPSA LOS ANDENES,,,1.439,1.629,San Cristóbal de La Laguna
2026-04-16,BP TACO NORTE,,,1.475,1.659,San Cristóbal de La Laguna
2026-04-16,BP SAN BENITO,,,1.475,1.649,San Cristóbal de La Laguna
2026-04-16,DISA PADRE ANCHIETA,,,1.465,1.645,San Cristóbal de La Laguna
2026-04-16,TGAS,,,1.399,1.659,San Cristóbal de La Laguna
2026-04-16,TGAS LAS MERCEDES,,,1.499,1.683,San Cristóbal de La Laguna
2026-04-16,REPSOL,,,1.429,1.609,San Juan de la Rambla
2026-04-16,REPSOL,,,1.479,1.649,San Miguel de Abona
2026-04-16,DISA SAN MIGUEL,,,1.495,1.669,San Miguel de Abona
2026-04-16,DISA LAS CHAFIRAS,,,1.465,1.639,San Miguel de Abona
2026-04-16,MOEVE,,,1.419,1.634,San Miguel de Abona
2026-04-16,OCÉANO,,,1.335,1.599,San Miguel de Abona
2026-04-16,ESTACIÓN DE SERVICIO EL GOMERO,,,1.419,1.599,San Miguel de Abona
2026-04-16,PLENERGY,,,1.335,1.519,San Miguel de Abona
2026-04-16,PCAN,,,1.418,1.598,San Miguel de Abona
2026-04-16,SAN SEBASTIAN,,,1.669,1.859,San Sebastián de la Gomera
2026-04-16,DISA MUELLE GOMERA,,,1.669,1.859,San Sebastián de la Gomera
2026-04-16,BP BAJAMAR,,,1.579,,Santa Cruz de la Palma
2026-04-16,PLENERGY,,,1.499,1.519,Santa Cruz de la Palma
2026-04-16,DISA,,,1.599,1.599,Santa Cruz de la Palma
2026-04-16,CEPSA,,,1.479,1.674,Santa Cruz de Tenerife
2026-04-16,DISA BALNEARIO II,,,1.505,1.679,Santa Cruz de Tenerife
2026-04-16,DISA TRES DE MAYO,,,1.475,1.659,Santa Cruz de Tenerife
2026-04-16,BP CRUZ DEL SEÑOR,,,1.475,1.659,Santa Cruz de Tenerife
2026-04-16,DISA ARACAYU,,,1.475,1.649,Santa Cruz de Tenerife
2026-04-16,DISA FOMENTO,,,1.545,1.729,Santa Cruz de Tenerife
2026-04-16,DISA VIA PENETRACION,,,1.475,1.659,Santa Cruz de Tenerife
2026-04-16, BP AVENIDA 3 DE MAYO,,,1.475,1.659,Santa Cruz de Tenerife
2026-04-16,DISA TIO PINO,,,1.475,1.649,Santa Cruz de Tenerife
2026-04-16,E.S.SHELL OFRA,,,1.475,1.659,Santa Cruz de Tenerife
2026-04-16,SHELL EL RAMONAL,,,1.475,1.649,Santa Cruz de Tenerife
2026-04-16,"CANARY OIL, S.L.",,,1.289,1.469,Santa Cruz de Tenerife
2026-04-16,DISA LAS DELICIAS,,,1.505,1.689,Santa Cruz de Tenerife
2026-04-16,TGAS-TU TRÉBOL,,,1.328,1.48,Santa Cruz de Tenerife
2026-04-16,DISA EL MAYORAZGO,,,1.455,1.639,Santa Cruz de Tenerife
2026-04-16,DISA CUEVAS BLANCAS,,,1.519,1.669,Santa Cruz de Tenerife
2026-04-16,MOEVE,,,1.439,1.624,Santa Cruz de Tenerife
2026-04-16,DISA EL SOBRADILLO,,,1.465,1.649,Santa Cruz de Tenerife
2026-04-16,DISA BARRANCO GRANDE,,,1.475,1.649,Santa Cruz de Tenerife
2026-04-16,DISA TACO,,,1.475,1.649,Santa Cruz de Tenerife
2026-04-16, BP TACO,,,1.475,1.659,Santa Cruz de Tenerife
2026-04-16,REPSOL,,,1.509,1.669,Santa Cruz de Tenerife
2026-04-16,GMOIL,,,1.319,1.489,Santa Cruz de Tenerife
2026-04-16,DISA NAUTICO,,,1.515,1.699,Santa Cruz de Tenerife
2026-04-16,DISA BALNEARIO I,,,1.505,1.679,Santa Cruz de Tenerife
2026-04-16,DISA EL CHORRILLO,,,1.465,1.649,Santa Cruz de Tenerife
2026-04-16,SHELL SANTA URSULA,,,1.475,1.689,Santa Úrsula
2026-04-16,REPSOL,,,1.447,1.645,Santa Úrsula
2026-04-16,CEPSA,,,1.469,1.56,Santiago del Teide
2026-04-16,DISA,,,1.479,1.592,Santiago del Teide
2026-04-16,DISA BAJADA A LOS GIGANTES,,,1.525,1.659,Santiago del Teide
2026-04-16,CEPSA,,,1.449,1.639,Sauzal (El)
2026-04-16,BP EL SAUZAL,,,1.475,1.659,Sauzal (El)
2026-04-16,REPSOL,,,1.489,1.659,Sauzal (El)
2026-04-16,DISA EL SAUZAL,,,1.505,1.665,Sauzal (El)
2026-04-16,DISA RAVELO,,,1.495,1.645,Sauzal (El)
2026-04-16,DISA LOS SILOS,,,1.489,1.689,Silos (Los)
2026-04-16,MOEVE,,,1.449,1.654,Tacoronte
2026-04-16,TGAS TACORONTE,,,1.438,1.598,Tacoronte
2026-04-16,BP,,,1.459,1.639,Tacoronte
2026-04-16,DISA TACORONTE,,,1.505,1.659,Tacoronte
2026-04-16,MOEVE LOS NARANJEROS,,,1.449,1.654,Tacoronte
2026-04-16,CEPSA AGUA GARCIA,,,1.449,1.644,Tacoronte
2026-04-16,REPSOL,,,1.409,1.599,Tanque (El)
2026-04-16,SHELL,,,1.695,1.619,Tazacorte
2026-04-16,BP TEGUESTE,,,1.475,1.659,Tegueste
2026-04-16,TGAS TEGUESTE,,,1.525,1.695,Tegueste
2026-04-16,DISA EL SOCORRO,,,1.545,1.659,Tegueste
2026-04-16,DISA VALLE GRAN REY,,,1.669,1.859,Valle Gran Rey
2026-04-16,DISA VALLEHERMOSO,,,1.669,1.859,Vallehermoso
2026-04-16,ESTACION  SERVICIO CHIPUDE,,,1.674,1.859,Vallehermoso
2026-04-16,DISA VALVERDE,,,1.619,1.749,Valverde
2026-04-16,SHELL LA VICTORIA,,,1.515,1.659,Victoria de Acentejo (La)
2026-04-16,DISA,,,1.495,1.669,Vilaflor
2026-04-16,DISA,,,1.699,1.723,Villa de Mazo
2026-04-16,SANTANA DOMINGUEZ,,,,1.485,Palmas de Gran Canaria (Las)
2026-04-16,DISA HOGAR TAXISTA,,,,1.639,Santa Cruz de Tenerife
2026-04-17,DISA AGAETE,,,1.489,1.639,Agaete
2026-04-17,SHELL AGAETE,,,1.489,1.639,Agaete
2026-04-17,DISA AUTOPISTA KM 21,,,1.555,1.729,Agüimes
2026-04-17,DISA AGUIMES,,,1.475,1.649,Agüimes
2026-04-17,"REPSOL OPER CANARIOS  S,L.",,,1.429,1.587,Agüimes
2026-04-17,BP KM 13 CRUCE ARINAGA,,,1.439,1.597,Agüimes
2026-04-17,PLENERGY,,,1.369,1.489,Agüimes
2026-04-17,REPSOL,,,1.469,1.639,Agüimes
2026-04-17,OCÉANO,,,1.419,1.539,Agüimes
2026-04-17,DISA BALOS,,,1.465,1.639,Agüimes
2026-04-17,CANARY OIL,,,1.369,1.489,Agüimes
2026-04-17,CEPSA,,,1.429,1.644,Agüimes
2026-04-17,MOEVE,,,1.429,1.644,Agüimes
2026-04-17,SHELL ARINAGA,,,1.555,1.729,Agüimes
2026-04-17,DISA AUT.ARINAGA,,,1.525,1.699,Agüimes
2026-04-17,PETROPRIX,,,1.369,1.489,Agüimes
2026-04-17,DISA LA ALDEA,,,1.505,1.689,Aldea de San Nicolás (La)
2026-04-17,REPSOL LA ALDEA,,,1.505,1.689,Aldea de San Nicolás (La)
2026-04-17,PLENERGY,,,1.359,1.479,Antigua
2026-04-17,DISA EL MATORRAL,,,1.445,1.569,Antigua
2026-04-17,CEPSA ANTIGUA,,,1.439,1.584,Antigua
2026-04-17,BP CALETA DE FUSTE,,,1.459,1.599,Antigua
2026-04-17,PETROPRIX,,,1.359,1.479,Antigua
2026-04-17,DISA NUEVA AEROPUERTO,,,1.485,1.655,Arrecife
2026-04-17,DISA CIRCUNVALACION I,,,1.485,1.655,Arrecife
2026-04-17,DISA LOS MARMOLES,,,1.485,1.655,Arrecife
2026-04-17,DISA CIRCUNVALACION II,,,1.485,1.655,Arrecife
2026-04-17,REPSOL,,,1.485,1.655,Arrecife
2026-04-17,SHELL ARRECIFE I,,,1.449,1.609,Arrecife
2026-04-17,MOEVE,,,1.469,1.669,Arrecife
2026-04-17,BP,,,1.469,1.639,Arrecife
2026-04-17,DISA,,,1.487,1.657,Arrecife
2026-04-17,SHELL FLICK LANZAROTE,,,1.505,1.675,Arrecife
2026-04-17,PLENERGY,,,1.365,1.539,Arrecife
2026-04-17,DISA VALTERRA,,,1.505,1.675,Arrecife
2026-04-17,DISA AEROPUERTO,,,1.485,1.655,Arrecife
2026-04-17,DISA ARRECIFE,,,1.505,1.675,Arrecife
2026-04-17,SHELL ARRECIFE II,,,1.449,1.609,Arrecife
2026-04-17,ES ARTENARA,,,1.479,1.649,Artenara
2026-04-17,DISA ARUCAS,,,1.475,1.659,Arucas
2026-04-17,BP LAS VEGAS,,,1.485,1.664,Arucas
2026-04-17,E.S. SHELL AUTOVÍA  ARUCAS,,,1.459,1.649,Arucas
2026-04-17,SHELL NUEVA ARUCAS,,,1.475,1.659,Arucas
2026-04-17,MOEVE  LOS PORTALES,,,1.469,1.649,Arucas
2026-04-17,BP SANTIDAD,,,1.489,1.669,Arucas
2026-04-17,REPSOL,,,1.47,1.649,Arucas
2026-04-17,"CEPSA OPER CANARIOS  S,L.",,,1.449,1.674,Arucas
2026-04-17,MOEVE,,,1.449,1.664,Arucas
2026-04-17,DISA BAÑADEROS,,,1.495,1.659,Arucas
2026-04-17,CEPSA,,,1.469,1.639,Firgas
2026-04-17,SHELL GALDAR,,,1.485,1.639,Gáldar
2026-04-17,"CANARY OIL, S.L.",,,1.359,1.489,Gáldar
2026-04-17,TGAS SARDINA DEL NORTE,,,1.475,1.629,Gáldar
2026-04-17,PETROPRIX,,,1.359,1.489,Gáldar
2026-04-17,REPSOL ,,,1.485,1.639,Gáldar
2026-04-17,TGAS HARÍA,,,1.459,1.629,Haría
2026-04-17,PCAN ARRIETA,,,1.399,1.599,Haría
2026-04-17,MOEVE INGENIO,,,1.399,1.599,Ingenio
2026-04-17,DISA NUEVO INGENIO,,,1.485,1.659,Ingenio
2026-04-17,SHELL INGENIO,,,1.485,1.659,Ingenio
2026-04-17,BP EL CARRIZAL,,,1.475,1.659,Ingenio
2026-04-17,PLENERGY,,,1.359,1.489,Ingenio
2026-04-17,PETROPRIX,,,1.359,1.489,Ingenio
2026-04-17,DISA CARRIZAL,,,1.465,1.639,Ingenio
2026-04-17,OCÉANO EL CARRIZAL,,,1.409,1.539,Ingenio
2026-04-17,"SANTANA DOMINGUEZ, S.L.",,,1.32,1.485,Ingenio
2026-04-17,DISA MOGAN,,,1.515,1.669,Mogán
2026-04-17,"PUERTO RICO, S.A",,,1.479,1.659,Mogán
2026-04-17,PCAN,,,1.449,1.629,Mogán
2026-04-17,BP ARGUINEGUIN,,,1.475,1.659,Mogán
2026-04-17,SHELL PUERTO RICO,,,1.495,1.669,Mogán
2026-04-17,"CANARY GREEN CORNER, SL",,,1.396,1.539,Moya
2026-04-17,H2EXAGON NORTE,,,1.359,1.489,Moya
2026-04-17,BP MOYA,,,1.475,1.659,Moya
2026-04-17,BP KM 13 - 1 (SAN ANDRES),,,1.457,1.597,Moya
2026-04-17,DISA LA OLIVA,,,1.505,1.615,Oliva (La)
2026-04-17,DISA CORRALEJO,,,1.505,1.615,Oliva (La)
2026-04-17,H2GO CORRALEJO,,,1.449,1.595,Oliva (La)
2026-04-17,DISA COSTA CALMA,,,1.495,1.619,Pájara
2026-04-17,CEPSA,,,1.469,1.614,Pájara
2026-04-17,SHELL JANDIA,,,1.485,1.619,Pájara
2026-04-17,H2GO MORRO JABLE,,,1.449,1.595,Pájara
2026-04-17,SHELL VEGUETA,,,1.495,1.659,Palmas de Gran Canaria (Las)
2026-04-17,E.S. DISA VEGUETA,,,1.459,1.649,Palmas de Gran Canaria (Las)
2026-04-17,MOEVE,,,1.449,1.674,Palmas de Gran Canaria (Las)
2026-04-17,BP SAN LORENZO,,,1.475,1.659,Palmas de Gran Canaria (Las)
2026-04-17,REPSOL,,,1.469,1.659,Palmas de Gran Canaria (Las)
2026-04-17,CEPSA,,,1.449,1.674,Palmas de Gran Canaria (Las)
2026-04-17,BP SAN JOSE,,,1.475,1.659,Palmas de Gran Canaria (Las)
2026-04-17,SHELL MERCALASPALMAS,,,1.475,1.649,Palmas de Gran Canaria (Las)
2026-04-17,DISA SAN JOSE,,,1.495,1.669,Palmas de Gran Canaria (Las)
2026-04-17,DISA EL SEBADAL,,,1.515,1.695,Palmas de Gran Canaria (Las)
2026-04-17,BP PUERTO DE LA LUZ,,,1.474,1.668,Palmas de Gran Canaria (Las)
2026-04-17,DISA PUERTO DE LA LUZ,,,1.485,1.665,Palmas de Gran Canaria (Las)
2026-04-17,PETROPRIX,,,1.385,1.565,Palmas de Gran Canaria (Las)
2026-04-17,BP CIDELMAR,,,1.475,1.659,Palmas de Gran Canaria (Las)
2026-04-17,SHELL TOMAS MORALES,,,1.475,1.659,Palmas de Gran Canaria (Las)
2026-04-17,MOEVE PLAZA DEL PINO,,,1.449,1.629,Palmas de Gran Canaria (Las)
2026-04-17,PLENERGY,,,1.349,1.449,Palmas de Gran Canaria (Las)
2026-04-17,BP COOPERATIVA TAXIS S. CRISTOBAL,,,1.475,1.649,Palmas de Gran Canaria (Las)
2026-04-17,"CANARY OIL, S.L.",,,1.349,1.449,Palmas de Gran Canaria (Las)
2026-04-17,MOEVE HOYA PARRADO,,,1.439,1.629,Palmas de Gran Canaria (Las)
2026-04-17,DISA TAFIRA,,,1.465,1.639,Palmas de Gran Canaria (Las)
2026-04-17,E.S. DISA MILLER BAJO,,,1.459,1.649,Palmas de Gran Canaria (Las)
2026-04-17,DISA TARAHALES I,,,1.465,1.649,Palmas de Gran Canaria (Las)
2026-04-17,SHELL REHOYAS,,,1.475,1.659,Palmas de Gran Canaria (Las)
2026-04-17,BP LA PATERNA,,,1.474,1.658,Palmas de Gran Canaria (Las)
2026-04-17,DISA JUAN XXIII,,,1.475,1.659,Palmas de Gran Canaria (Las)
2026-04-17,BP CIUDAD JARDIN (CAN),,,1.475,1.659,Palmas de Gran Canaria (Las)
2026-04-17,DISA CHIL,,,1.485,1.669,Palmas de Gran Canaria (Las)
2026-04-17,H2EXAGON LAS TORRES,,,1.32,1.489,Palmas de Gran Canaria (Las)
2026-04-17,BP LOMO LOS FRAILES,,,1.475,1.659,Palmas de Gran Canaria (Las)
2026-04-17,BP TAMARACEITE II,,,1.475,1.659,Palmas de Gran Canaria (Las)
2026-04-17,BP GUANARTEME,,,1.475,1.659,Palmas de Gran Canaria (Las)
2026-04-17,DISA ALCARAVANERAS,,,1.485,1.655,Palmas de Gran Canaria (Las)
2026-04-17,E.S. SHELL SCHAMANN,,,1.459,1.649,Palmas de Gran Canaria (Las)
2026-04-17,H2EXAGON ESCALERITAS,,,1.369,1.469,Palmas de Gran Canaria (Las)
2026-04-17,DISA ESCALERITAS,,,1.475,1.659,Palmas de Gran Canaria (Las)
2026-04-17,DISA EL DRAGON,,,1.475,1.659,Palmas de Gran Canaria (Las)
2026-04-17,BP ALTAVISTA,,,1.475,1.659,Palmas de Gran Canaria (Las)
2026-04-17,BP BARRANQUILLO TAXISTAS SAN CRISTOBAL,,,1.475,1.659,Palmas de Gran Canaria (Las)
2026-04-17,DISA ALMATRICHE,,,1.479,1.679,Palmas de Gran Canaria (Las)
2026-04-17,DISA TAMARACEITE,,,1.475,1.659,Palmas de Gran Canaria (Las)
2026-04-17,SANTANA DOMINGUEZ,,,,1.485,Palmas de Gran Canaria (Las)
2026-04-17,CEPSA LA MARINA,,,1.459,1.549,Palmas de Gran Canaria (Las)
2026-04-17,MERCASOSA,,,1.42,1.545,Puerto del Rosario
2026-04-17,DISA,,,1.42,1.545,Puerto del Rosario
2026-04-17,CEPSA PUERTO ROSARIO,,,1.439,1.594,Puerto del Rosario
2026-04-17,DISA  EL CHARCO,,,1.445,1.599,Puerto del Rosario
2026-04-17,DISA RIO CABRAS,,,1.445,1.599,Puerto del Rosario
2026-04-17,DISA SECUNDINO ALONSO,,,1.455,1.609,Puerto del Rosario
2026-04-17,BP LA HONDURA,,,1.437,1.567,Puerto del Rosario
2026-04-17,REPSOL,,,1.459,1.609,Puerto del Rosario
2026-04-17,PCAN GIL,,,1.419,1.544,Puerto del Rosario
2026-04-17,H2GO MUELLE CHICO,,,1.449,1.595,Puerto del Rosario
2026-04-17,MOEVE,,,1.439,1.594,Puerto del Rosario
2026-04-17,DISA,,,1.449,1.619,San Bartolomé
2026-04-17,REPSOL,,,1.485,1.655,San Bartolomé
2026-04-17,DISA MASPALOMAS,,,1.475,1.649,San Bartolomé de Tirajana
2026-04-17,MOEVE MASPALOMAS,,,1.449,1.664,San Bartolomé de Tirajana
2026-04-17,PETROPRIX,,,1.349,1.549,San Bartolomé de Tirajana
2026-04-17,REPSOL,,,1.459,1.649,San Bartolomé de Tirajana
2026-04-17,DISA FATAGA,,,1.475,1.648,San Bartolomé de Tirajana
2026-04-17,SHELL JUAN GRANDE,,,1.475,1.659,San Bartolomé de Tirajana
2026-04-17,CEPSA JUAN GRANDE,,,1.449,1.654,San Bartolomé de Tirajana
2026-04-17,DISA ,,,1.504,1.65,San Bartolomé de Tirajana
2026-04-17,CEPSA TAXISTAS S.AGUSTIN,,,1.449,1.664,San Bartolomé de Tirajana
2026-04-17,SHELL MASPALOMAS,,,1.475,1.655,San Bartolomé de Tirajana
2026-04-17,BP EL VERIL,,,1.475,1.659,San Bartolomé de Tirajana
2026-04-17,BP SANTA BRIGIDA,,,1.485,1.669,Santa Brígida
2026-04-17,SHELL VECINDARIO,,,1.505,1.679,Santa Lucía de Tirajana
2026-04-17,DISA,,,1.462,1.634,Santa Lucía de Tirajana
2026-04-17,BP EL TARO,,,1.456,1.648,Santa Lucía de Tirajana
2026-04-17,MOEVE POZO IZQUIERDO,,,1.399,1.589,Santa Lucía de Tirajana
2026-04-17,SHELL SANTA LUCIA,,,1.505,1.679,Santa Lucía de Tirajana
2026-04-17,OCÉANO SARDINA SUR,,,1.379,1.599,Santa Lucía de Tirajana
2026-04-17,REPSOL,,,1.509,1.669,Santa Lucía de Tirajana
2026-04-17,BP DOCTORAL,,,1.489,1.659,Santa Lucía de Tirajana
2026-04-17,ESTACION DE SERVICIO P44,,,1.429,1.644,Santa Lucía de Tirajana
2026-04-17,MOEVE,,,1.469,1.674,Santa María de Guía de Gran Canaria
2026-04-17,BP GUIA,,,1.475,1.659,Santa María de Guía de Gran Canaria
2026-04-17,DISA GUIA,,,1.485,1.639,Santa María de Guía de Gran Canaria
2026-04-17,REPSOL,,,1.485,1.639,Santa María de Guía de Gran Canaria
2026-04-17,PLENERGY,,,1.359,1.489,Santa María de Guía de Gran Canaria
2026-04-17,CEPSA,,,1.465,1.635,Teguise
2026-04-17,DISA COSTA TEGUISE,,,1.485,1.639,Teguise
2026-04-17,DISA TEGUISE GOLF,,,1.485,1.639,Teguise
2026-04-17,CEPSA TAHICHE II,,,1.465,1.643,Teguise
2026-04-17,CEPSA TAHICHE I,,,1.465,1.643,Teguise
2026-04-17,DISA TEJEDA,,,1.489,1.669,Tejeda
2026-04-17,REPSOL,,,1.469,1.649,Telde
2026-04-17,CEPSA EL CUBILLO,,,1.439,1.629,Telde
2026-04-17,DISA PUNTO FIELATO,,,1.485,1.669,Telde
2026-04-17,DISA EL ROQUE,,,1.485,1.669,Telde
2026-04-17,SHELL TELDE,,,1.485,1.669,Telde
2026-04-17,DISA CRUCE DE MELENARA,,,1.475,1.659,Telde
2026-04-17,DISA TAXITEL,,,1.475,1.659,Telde
2026-04-17,H2EXAGON JINAMAR,,,1.387,1.489,Telde
2026-04-17,MOEVE,,,1.439,1.654,Telde
2026-04-17,BP CRUZ DE LA GALLINA LOMO LA FRANCIA,,,1.459,1.649,Telde
2026-04-17,DISA JINAMAR,,,1.475,1.649,Telde
2026-04-17,BP JINAMAR,,,1.475,1.659,Telde
2026-04-17,BP LAS TERRAZAS,,,1.475,1.659,Telde
2026-04-17,DISA LA PARDILLA,,,1.455,1.639,Telde
2026-04-17,DISA BOCABARRANCO,,,1.455,1.639,Telde
2026-04-17,BP LA GARITA,,,1.439,1.629,Telde
2026-04-17,OCÉANO,,,1.36,1.54,Telde
2026-04-17,DISA CUATRO PUERTAS,,,1.475,1.656,Telde
2026-04-17,"CANARY OIL, S.L.",,,1.337,1.477,Telde
2026-04-17,"CEPSA OPER CANARIOS S,L.",,,1.439,1.629,Telde
2026-04-17,CEPSA OJOS DE GARZA,,,1.449,1.639,Telde
2026-04-17,FAST FUEL GORO,,,1.337,1.477,Telde
2026-04-17,BP CRUCE DE MELENARA,,,1.475,1.659,Telde
2026-04-17,BP EL CALERO,,,1.475,1.659,Telde
2026-04-17,PETROPRIX,,,1.369,1.479,Telde
2026-04-17,DISA TEROR,,,1.505,1.669,Teror
2026-04-17,MOEVE,,,1.469,1.664,Teror
2026-04-17,SPL,,,1.485,1.655,Tías
2026-04-17,PCAN,,,1.436,1.639,Tías
2026-04-17,DISA PUERTO DEL CARMEN,,,1.469,1.625,Tías
2026-04-17,CEPSA,,,1.409,1.614,Tías
2026-04-17,DISA MACHER,,,1.439,1.648,Tías
2026-04-17,MOEVE TINAJO,,,1.449,1.649,Tinajo
2026-04-17,SANTANA DOMINGUEZ,,,1.32,1.555,Tuineje
2026-04-17,CEPSA GRAN TARAJAL,,,1.439,1.594,Tuineje
2026-04-17,DISA EL CARACOL,,,1.475,1.599,Tuineje
2026-04-17,BP VALLESECO,,,1.479,1.659,Valleseco
2026-04-17,CEPSA LOS ALMENDROS,,,1.439,1.569,Valsequillo de Gran Canaria
2026-04-17,DISA ,,,1.439,1.664,Valsequillo de Gran Canaria
2026-04-17,SHELL SAN MATEO,,,1.475,1.659,Vega de San Mateo
2026-04-17,REPSOL SAN MATEO,,,1.477,1.657,Vega de San Mateo
2026-04-17,ESTACION PLAYA BLANCA,,,1.449,1.649,Yaiza
2026-04-17,REPSOL,,,1.455,1.705,Yaiza
2026-04-17,COMBUSTIBLES CANARIOS,,,1.449,1.619,Yaiza
2026-04-17,E.S.DISA YAIZA,,,1.519,1.759,Yaiza
2026-04-17,MARINA RUBICON,,,1.419,1.619,Yaiza
2026-04-17,GMOIL,,,1.339,1.489,Adeje
2026-04-17,SHELL,,,1.474,1.658,Adeje
2026-04-17,BP LA ATALAYA,,,1.474,1.658,Adeje
2026-04-17,BP COOP SAN SEBASTIAN,,,1.475,1.659,Adeje
2026-04-17,PLENERGY,,,1.349,1.489,Adeje
2026-04-17,TGAS-TU TRÉBOL,,,1.356,1.48,Adeje
2026-04-17,REPSOL,,,1.474,1.658,Adeje
2026-04-17,DISA FAÑABE,,,1.475,1.649,Adeje
2026-04-17,DISA,,,1.518,1.645,Adeje
2026-04-17,BP SIAM MALL,,,1.475,1.659,Adeje
2026-04-17,DISA TIJOCO,,,1.555,1.729,Adeje
2026-04-17,MOEVE,,,1.484,1.644,Adeje
2026-04-17,H2GO MAXO ARMEÑIME,,,1.455,1.649,Adeje
2026-04-17,OCÉANO PLAYA SANTIAGO,,,1.669,1.859,Alajeró
2026-04-17,H2EXAGON ARAFO,,,1.357,1.499,Arafo
2026-04-17,BP POLIGONO GUIMAR,,,1.475,1.659,Arafo
2026-04-17,PLENERGY,,,1.347,1.489,Arafo
2026-04-17,CEPSA,,,1.454,1.644,Arafo
2026-04-17,REPSOL,,,1.469,1.669,Arafo
2026-04-17,TGAS LA HIDALGA,,,1.439,1.629,Arafo
2026-04-17,CEPSA,,,1.419,1.599,Arico
2026-04-17,DISA,,,1.439,1.624,Arico
2026-04-17,REPSOL,,,1.439,1.634,Arico
2026-04-17,ESTACIÓN ABADES KM 44,,,1.436,1.649,Arico
2026-04-17,TGAS ARONA,,,1.44,1.59,Arona
2026-04-17,TGAS LAS GALLETAS,,,1.409,1.599,Arona
2026-04-17,CEPSA,,,1.464,1.624,Arona
2026-04-17,MOEVE LLANO AZUL,,,1.464,1.624,Arona
2026-04-17,DISA,,,1.464,1.624,Arona
2026-04-17,BP CABO BLANCO,,,1.484,1.658,Arona
2026-04-17,BP LOS CRISTIANOS,,,1.475,1.659,Arona
2026-04-17,BP PLAYA LAS AMERICAS,,,1.475,1.659,Arona
2026-04-17,CEPSA COSTA DEL SILENCIO,,,1.419,1.614,Arona
2026-04-17,REPSOL,,,1.459,1.629,Arona
2026-04-17,SHELL ARONA,,,1.465,1.649,Arona
2026-04-17,BP GUAZA,,,1.474,1.658,Arona
2026-04-17,BP TEN BEL,,,1.449,1.629,Arona
2026-04-17,SHELL,,,1.599,1.599,Barlovento
2026-04-17,DISA,,,1.699,1.723,Breña Alta
2026-04-17,SHELL,,,1.695,1.719,Breña Alta
2026-04-17,MOEVE,,,1.622,1.599,Breña Alta
2026-04-17,DISA,,,1.505,1.689,Buenavista del Norte
2026-04-17,DISA CANDELARIA,,,1.475,1.649,Candelaria
2026-04-17,DISA LAS CALETILLAS,,,1.559,1.699,Candelaria
2026-04-17,TGAS,,,1.559,1.699,Candelaria
2026-04-17,PCAN,,,1.468,1.648,Candelaria
2026-04-17,CEPSA,,,1.454,1.654,Fasnia
2026-04-17,DISA,,,1.479,1.639,Fasnia
2026-04-17,REPSOL,,,1.469,1.659,Fasnia
2026-04-17,DISA EL PINAR,,,1.619,1.749,Frontera
2026-04-17,DISA FRONTERA,,,1.619,1.749,Frontera
2026-04-17,"DEL VALLE COMBUSTIBLES, S.L.",,,1.551,1.678,Frontera
2026-04-17,PCAN,,,1.559,1.598,Fuencaliente de la Palma
2026-04-17,E.S. LA CALETA,,,1.459,1.649,Garachico
2026-04-17,TGAS GARAFÍA,,,1.695,1.65,Garafía
2026-04-17,PCAN,,,1.436,1.629,Granadilla de Abona
2026-04-17,DISA GRANADILLA,,,1.505,1.675,Granadilla de Abona
2026-04-17,MOEVE,,,1.449,1.639,Granadilla de Abona
2026-04-17,CEPSA LOS LLANOS (MOEVE) - GRANADILLA,,,1.439,1.594,Granadilla de Abona
2026-04-17,DISA SAN ISIDRO,,,1.485,1.659,Granadilla de Abona
2026-04-17,REPSOL,,,1.439,1.634,Granadilla de Abona
2026-04-17,TGAS EL MÉDANO,,,1.459,1.634,Granadilla de Abona
2026-04-17,BP AEROPUERTO REINA SOFIA,,,1.475,1.659,Granadilla de Abona
2026-04-17,TGAS SANTA CATALINA,,,1.397,1.597,Guancha (La)
2026-04-17,PCAN,,,1.436,1.629,Guancha (La)
2026-04-17,DISA           STO DOMINGO,,,1.409,1.539,Guancha (La)
2026-04-17,SHELL,,,1.499,1.599,Guía de Isora
2026-04-17,DISA,,,1.499,1.599,Guía de Isora
2026-04-17,CEPSA,,,1.444,1.614,Guía de Isora
2026-04-17,E.S. CEPSA CHIO,,,1.479,1.609,Guía de Isora
2026-04-17,DISA PLAYA SAN JUAN,,,1.495,1.629,Guía de Isora
2026-04-17,PCAN,,,1.439,1.649,Guía de Isora
2026-04-17,DISA PUERTITO,,,1.439,1.644,Güímar
2026-04-17,MOEVE,,,1.439,1.644,Güímar
2026-04-17,DISA GÜIMAR,,,1.475,1.649,Güímar
2026-04-17,SHELL GUIMAR,,,1.439,1.644,Güímar
2026-04-17,OCÉANO,,,1.347,1.599,Güímar
2026-04-17,EL ESCOBONAL,,,1.469,1.639,Güímar
2026-04-17,DISA HERMIGUA,,,1.669,1.859,Hermigua
2026-04-17,SHELL ICOD DE LOS VINOS,,,1.489,1.689,Icod de los Vinos
2026-04-17,DISA ICOD DE LOS VINOS,,,1.469,1.669,Icod de los Vinos
2026-04-17,CEPSA,,,1.474,1.664,Icod de los Vinos
2026-04-17,RED DE COMBUSTIBLES CANARIOS,,,1.369,1.499,Icod de los Vinos
2026-04-17,DISA ,,,1.695,1.719,Llanos de Aridane (Los)
2026-04-17,SHELL,,,1.695,1.719,Llanos de Aridane (Los)
2026-04-17,BP LOS LLANOS,,,1.635,,Llanos de Aridane (Los)
2026-04-17,DISA LA MATANZA,,,1.515,1.659,Matanza de Acentejo (La)
2026-04-17,DISA EL BOHIO,,,1.498,1.686,Matanza de Acentejo (La)
2026-04-17,SHELL ACENTEJO,,,1.515,1.659,Matanza de Acentejo (La)
2026-04-17,CEPSA LA CAÑADA,,,1.429,1.619,Orotava (La)
2026-04-17,DISA,,,1.419,1.599,Orotava (La)
2026-04-17,BP EL RAMAL,,,1.475,1.659,Orotava (La)
2026-04-17,REPSOL BARROSO,,,1.499,1.659,Orotava (La)
2026-04-17,PLENERGY,,,1.395,1.569,Orotava (La)
2026-04-17,BP EL TROMPO,,,1.475,1.659,Orotava (La)
2026-04-17,REPSOL,,,1.459,1.659,Orotava (La)
2026-04-17,SHELL LA PERDOMA,,,1.475,1.659,Orotava (La)
2026-04-17,SHELL,,,1.695,1.669,Paso (El)
2026-04-17,DISA,,,1.695,1.719,Paso (El)
2026-04-17,SHELL EL AGUILA,,,1.495,1.659,Puerto de la Cruz
2026-04-17,SHELL,,,1.485,1.639,Puerto de la Cruz
2026-04-17,BP PUERTO DE LA CRUZ,,,1.475,1.659,Puerto de la Cruz
2026-04-17,CEPSA PUERTO DE LA CRUZ,,,1.439,1.629,Puerto de la Cruz
2026-04-17,DISA,,,1.485,1.639,Puerto de la Cruz
2026-04-17,REPSOL,,,1.53,1.65,Puntagorda
2026-04-17,SHELL PUNTALLANA,,,1.599,1.689,Puntallana
2026-04-17,SHELL LAS DEHESAS,,,1.495,1.659,Realejos (Los)
2026-04-17,SHELL LOS REALEJOS,,,1.485,1.645,Realejos (Los)
2026-04-17,TGAS LA GORVORANA,,,1.469,1.659,Realejos (Los)
2026-04-17,PCAN,,,1.435,1.618,Realejos (Los)
2026-04-17,DISA LOS BARROS,,,1.485,1.639,Realejos (Los)
2026-04-17,CEPSA,,,1.438,1.669,Realejos (Los)
2026-04-17,EESS OCÉANO  LA AZADILLA,,,1.425,1.595,Realejos (Los)
2026-04-17,PETROPRIX,,,1.385,1.555,Realejos (Los)
2026-04-17,OCÉANO LOS REALEJOS,,,1.425,1.575,Realejos (Los)
2026-04-17,ESTACION DE SERVICIOS EL MIRADOR,,,1.429,1.639,Realejos (Los)
2026-04-17,REPSOL,,,1.454,1.699,Realejos (Los)
2026-04-17,DISA,,,1.475,1.645,Realejos (Los)
2026-04-17,TGAS EL ROSARIO,,,1.449,1.649,Rosario (El)
2026-04-17,CEPSA,,,1.454,1.634,Rosario (El)
2026-04-17,PCAN,,,1.436,1.638,Rosario (El)
2026-04-17,DISA,,,1.599,1.599,San Andrés y Sauces
2026-04-17,MOEVE,,,1.622,1.599,San Andrés y Sauces
2026-04-17,SHELL LA LAGUNA,,,1.465,1.645,San Cristóbal de La Laguna
2026-04-17,REPSOL,,,1.439,1.634,San Cristóbal de La Laguna
2026-04-17,ES TAXLAGUNA ,,,1.42,1.583,San Cristóbal de La Laguna
2026-04-17,BP E.S. LAS CANTERAS S.L.,,,1.468,1.648,San Cristóbal de La Laguna
2026-04-17,PCAN,,,1.388,1.598,San Cristóbal de La Laguna
2026-04-17,DISA OFRA,,,1.475,1.659,San Cristóbal de La Laguna
2026-04-17,DISA VISTABELLA,,,1.475,1.649,San Cristóbal de La Laguna
2026-04-17,OCÉANO TACO,,,1.299,1.499,San Cristóbal de La Laguna
2026-04-17,TGAS LOS BALDÍOS,,,1.469,1.659,San Cristóbal de La Laguna
2026-04-17,DISA TEJINA,,,1.545,1.665,San Cristóbal de La Laguna
2026-04-17,BP TEJINA,,,1.475,1.659,San Cristóbal de La Laguna
2026-04-17,DISA BAJAMAR,,,1.545,1.665,San Cristóbal de La Laguna
2026-04-17,OCÉANO,,,1.359,1.599,San Cristóbal de La Laguna
2026-04-17,DISA LAS CHUMBERAS,,,1.449,1.635,San Cristóbal de La Laguna
2026-04-17,DISA LOS MAJUELOS,,,1.455,1.641,San Cristóbal de La Laguna
2026-04-17,BP TACO NORTE,,,1.475,1.659,San Cristóbal de La Laguna
2026-04-17,CEPSA LOS ANDENES,,,1.459,1.629,San Cristóbal de La Laguna
2026-04-17,BP SAN BENITO,,,1.475,1.649,San Cristóbal de La Laguna
2026-04-17,DISA PADRE ANCHIETA,,,1.465,1.645,San Cristóbal de La Laguna
2026-04-17,TGAS,,,1.399,1.659,San Cristóbal de La Laguna
2026-04-17,TGAS LAS MERCEDES,,,1.499,1.683,San Cristóbal de La Laguna
2026-04-17,REPSOL,,,1.439,1.619,San Juan de la Rambla
2026-04-17,REPSOL,,,1.479,1.659,San Miguel de Abona
2026-04-17,DISA SAN MIGUEL,,,1.495,1.669,San Miguel de Abona
2026-04-17,DISA LAS CHAFIRAS,,,1.465,1.639,San Miguel de Abona
2026-04-17,OCÉANO,,,1.335,1.599,San Miguel de Abona
2026-04-17,MOEVE,,,1.419,1.634,San Miguel de Abona
2026-04-17,ESTACIÓN DE SERVICIO EL GOMERO,,,1.419,1.599,San Miguel de Abona
2026-04-17,PLENERGY,,,1.335,1.519,San Miguel de Abona
2026-04-17,PCAN,,,1.418,1.598,San Miguel de Abona
2026-04-17,SAN SEBASTIAN,,,1.669,1.859,San Sebastián de la Gomera
2026-04-17,DISA MUELLE GOMERA,,,1.669,1.859,San Sebastián de la Gomera
2026-04-17,BP BAJAMAR,,,1.609,,Santa Cruz de la Palma
2026-04-17,PLENERGY,,,1.499,1.519,Santa Cruz de la Palma
2026-04-17,DISA,,,1.599,1.599,Santa Cruz de la Palma
2026-04-17,CEPSA,,,1.494,1.674,Santa Cruz de Tenerife
2026-04-17,DISA BALNEARIO II,,,1.505,1.679,Santa Cruz de Tenerife
2026-04-17,DISA TRES DE MAYO,,,1.475,1.659,Santa Cruz de Tenerife
2026-04-17,BP CRUZ DEL SEÑOR,,,1.475,1.659,Santa Cruz de Tenerife
2026-04-17,DISA ARACAYU,,,1.475,1.649,Santa Cruz de Tenerife
2026-04-17,DISA FOMENTO,,,1.545,1.729,Santa Cruz de Tenerife
2026-04-17, BP AVENIDA 3 DE MAYO,,,1.475,1.659,Santa Cruz de Tenerife
2026-04-17,DISA VIA PENETRACION,,,1.475,1.659,Santa Cruz de Tenerife
2026-04-17,DISA TIO PINO,,,1.475,1.649,Santa Cruz de Tenerife
2026-04-17,SHELL EL RAMONAL,,,1.475,1.649,Santa Cruz de Tenerife
2026-04-17,E.S.SHELL OFRA,,,1.475,1.659,Santa Cruz de Tenerife
2026-04-17,DISA HOGAR TAXISTA,,,,1.639,Santa Cruz de Tenerife
2026-04-17,"CANARY OIL, S.L.",,,1.289,1.469,Santa Cruz de Tenerife
2026-04-17,DISA LAS DELICIAS,,,1.505,1.689,Santa Cruz de Tenerife
2026-04-17,TGAS-TU TRÉBOL,,,1.328,1.48,Santa Cruz de Tenerife
2026-04-17,DISA EL MAYORAZGO,,,1.455,1.639,Santa Cruz de Tenerife
2026-04-17,DISA CUEVAS BLANCAS,,,1.519,1.669,Santa Cruz de Tenerife
2026-04-17,MOEVE,,,1.439,1.624,Santa Cruz de Tenerife
2026-04-17,DISA EL SOBRADILLO,,,1.465,1.649,Santa Cruz de Tenerife
2026-04-17,DISA BARRANCO GRANDE,,,1.475,1.649,Santa Cruz de Tenerife
2026-04-17,DISA TACO,,,1.475,1.649,Santa Cruz de Tenerife
2026-04-17, BP TACO,,,1.475,1.659,Santa Cruz de Tenerife
2026-04-17,REPSOL,,,1.499,1.669,Santa Cruz de Tenerife
2026-04-17,GMOIL,,,1.309,1.489,Santa Cruz de Tenerife
2026-04-17,DISA NAUTICO,,,1.515,1.699,Santa Cruz de Tenerife
2026-04-17,DISA BALNEARIO I,,,1.505,1.679,Santa Cruz de Tenerife
2026-04-17,DISA EL CHORRILLO,,,1.465,1.649,Santa Cruz de Tenerife
2026-04-17,SHELL SANTA URSULA,,,1.475,1.689,Santa Úrsula
2026-04-17,REPSOL,,,1.447,1.645,Santa Úrsula
2026-04-17,CEPSA,,,1.469,1.56,Santiago del Teide
2026-04-17,DISA,,,1.479,1.592,Santiago del Teide
2026-04-17,DISA BAJADA A LOS GIGANTES,,,1.525,1.659,Santiago del Teide
2026-04-17,REPSOL,,,1.499,1.659,Sauzal (El)
2026-04-17,CEPSA,,,1.449,1.639,Sauzal (El)
2026-04-17,BP EL SAUZAL,,,1.475,1.659,Sauzal (El)
2026-04-17,DISA EL SAUZAL,,,1.505,1.665,Sauzal (El)
2026-04-17,DISA RAVELO,,,1.495,1.645,Sauzal (El)
2026-04-17,DISA LOS SILOS,,,1.489,1.689,Silos (Los)
2026-04-17,MOEVE,,,1.464,1.654,Tacoronte
2026-04-17,CEPSA AGUA GARCIA,,,1.449,1.644,Tacoronte
2026-04-17,MOEVE LOS NARANJEROS,,,1.449,1.654,Tacoronte
2026-04-17,TGAS TACORONTE,,,1.438,1.598,Tacoronte
2026-04-17,BP,,,1.459,1.639,Tacoronte
2026-04-17,DISA TACORONTE,,,1.505,1.659,Tacoronte
2026-04-17,REPSOL,,,1.409,1.599,Tanque (El)
2026-04-17,SHELL,,,1.695,1.669,Tazacorte
2026-04-17,TGAS TEGUESTE,,,1.525,1.695,Tegueste
2026-04-17,BP TEGUESTE,,,1.475,1.659,Tegueste
2026-04-17,DISA EL SOCORRO,,,1.545,1.659,Tegueste
2026-04-17,DISA VALLE GRAN REY,,,1.669,1.859,Valle Gran Rey
2026-04-17,DISA VALLEHERMOSO,,,1.669,1.859,Vallehermoso
2026-04-17,ESTACION  SERVICIO CHIPUDE,,,1.674,1.859,Vallehermoso
2026-04-17,DISA VALVERDE,,,1.619,1.749,Valverde
2026-04-17,SHELL LA VICTORIA,,,1.515,1.659,Victoria de Acentejo (La)
2026-04-17,DISA,,,1.495,1.669,Vilaflor
2026-04-17,DISA,,,1.699,1.723,Villa de Mazo
